APK Name,Eye,Head,Environment,Hand,Body,Face
000_1976决胜空战 1976_Back_to_Midway_2.81_FNAL,2,0,6,0,6,2
001_1976决胜空战_Back_to_Midway_2.82_FNAL(5.3.x),2,0,6,0,6,2
002_D_Car_Unity_0.1.1_(CN)_FNAL,3,14,1,23,20,3
003_DeoVR 视频播放器 DeoVR_13.10_FNAL,1,9,1,7,0,0
004_EnterVR_2.0,3,5,14,30,12,1
005_Fernland_1.90,70,27,4,97,13,0
006_GVR_Chat_3.4.1_(CN)_FNAL,4,26,0,30,52,10
007_Go_Now_1.4.5_(CN)_FNAL,11,11,31,91,19,3
008_Gym_Play_1.1_(CN)_FNAL,7,16,12,219,17,2
009_HOS_VR_2.0.1_(CN)_FNAL,69,10,4,10,9,0
010_Hitstream（有com文件夹）_Hitstream_1.06bpico,11,1,18,54,22,0
011_Koord_Coach_1.38,12,2,11,151,19,0
012_Koord_Coach_1.4_FNAL,12,2,11,151,19,0
013_Learn_Lithography_1.0.2,11,1,5,52,24,3
014_METASEE_1.1.0_(CN)_FNAL,1,0,0,4,1,0
015_MageVR_1.6.0_(CN)_FNAL,69,39,3,55,51,0
016_Meta彼岸Meta_on_the_other_side_3.0.8_(CN)_FNAL,-1,-1,-1,-1,-1,-1
018_OOPSLINE_1.0.0_(CN)_FNAL,0,0,0,0,0,0
019_Omission_Meeting_1.3,0,0,3,0,0,21
020_OpenBrush_2.0.7(5.3.x),3,13,5,10,6,17
021_PICO 体感追踪器Pico_Motion_Tracking_1.2.1_FNAL,2,16,0,88,20,1
022_PICO视频 PICO_VIDEO_2.1.9_HTS,8,7,0,12,0,0
023_Party_On_3.4.516_FNAL,7,51,105,80,48,56
024_Pico_Home_4.0.248_(CN)_FNAL,73,33,31,124,54,6
027_RecRoom_20230616_FNAL,-1,-1,-1,-1,-1,-1
028_SuperHot_1.97,9,51,16,77,102,14
030_VFC_25.3_32_FNAL,38,81,13,410,67,10
031_VFC格斗家  VFC_30_FNAL,43,81,13,418,67,10
032_VR切方块体验版_1.2.4,77,20,4,27,6,1
033_VR办公Immersed_1.9.99_FNAL,31,6,31,112,8,3
034_VR解剖平台Human_Anatomy_VR_2023.12.2_FNAL,0,9,1,15,23,4
035_VR驾校VR_Driving_School_4.1_FNAL(5.3.x),0,4,1,15,7,0
036_VeeR 未来岛VeeRLand_3.0.9_(CN)_FNAL,1,55,19,118,23,7
037_Wave_Your_Blade_In_Dance_3.1,0,4,0,1,4,0
038_Wind Wind（有com文件夹）_WindWind_1.02(5.3.x),77,24,9,100,33,9
039_X-Fitness_4.24,0,8,0,24,1,0
040_XFitness_4.31_FNAL,0,8,0,24,1,0
041_X战机拳击 X-Fighter(5.6.x)_1.16_FNAL,3,7,1,77,20,0
042_ZOSU_Gallery_Smash_1.207,2,11,6,98,20,5
043_ZRace_0.3.12_490_VTX(5.3.x),1,6,4,15,7,6
045_一帧VR  One_Frame_VR_1.6.2_(CN)_FNAL,15,2,108,5,19,4
046_一锤进洞PUTTZZLE_1.009_FNAL,0,4,0,75,6,1
048_不朽的遗产：翡翠密码（有com文件夹）_不朽的遗产_ImmortalLegacyVR_1.4,14,28,12,270,105,10
049_不说话的娃娃TheSilentDoll_1.19_FAVTX(5.3.x),70,30,27,44,17,2
050_东京时笼Tokyo_Chronos_1.0.6_FNAL(5.3.x),11,14,11,26,18,7
051_中世纪射箭Arrowhead-Medieval_Archery_VR_1.0.2_FNAL(5.3.x),0,2,0,31,4,2
053_乐动未来Mutrix（有com文件夹）_Mutrix_1.2.0_FNAL,1,1,0,19,0,0
054_乒乓：致胜11分Eleven_4.36.16.309外服,22,7,2,23,6,3
055_乒乓：致胜11分Eleven_Pico_0.258.2_HTS,22,7,2,23,6,3
056_九月的晚餐Sep's_Diner_12650_FNAL,13,9,20,97,24,0
057_乡镇故事(5.6.x)_ATownship_Tale_1.5.2.0.39512_FNAL_A_Township_Tale_1.5.2.0.39512_FNAL,-1,-1,-1,-1,-1,-1
058_云大陆 迷你高尔夫Cloudlands_2_1.31_35_FNAL(5.3.x),83,23,28,48,17,1
059_亚利桑那阳光（有com文件夹）_亚利桑那阳光_ArizonaSunshine_1.6.21896(5.3.x),3,33,20,170,38,13
062_仙人掌战争Cactus_Cowboy_-_Plants_At_War_1.2.3PP_仙人掌战争Cactus_Cowboy-Plants_At_War,0,5,0,58,10,0
064_体育训练生Rezzil_Player_1.1.0_FNAL(5.3.x),61,14,4,62,5,0
065_侏罗纪世界（有com文件夹）_侏罗纪世界Jurassic_World-Aftermath_3.15,19,14,30,140,3,4
066_俄罗斯转盘Bullet_Roulette_1.1_FNAL(5.3.x),78,27,18,200,47,2
068_像素撕裂1995Pixel_Ripped_1995_106_FNAL(5.3.x),61,19,9,56,9,5
069_僵尸 爆头ZombielandVR_1.6.4_3428,0,0,0,0,0,0
070_僵尸之地：弹无虚发ZombielandVR_1.6.4_2450_FAVTX(5.3.x),0,0,0,0,0,0
071_僵尸双重打击Drop_Dead-Dual_Strike_1.5.0_PICO_1.0.5_FNAL,27,50,27,173,104,37
072_僵尸双重打击Drop_Dead_Dual_Strike_1.5.0(5.3.x),17,45,26,159,95,15
073_元宇宙书店Meta_Book_Store_0.945_(CN)_FNAL,4,14,3,13,7,0
074_元宇宙商务Engage_3.2_FNAL,42,75,31,147,90,46
075_元视界Metavision_1.2.2_(CN)_FNAL,0,0,0,11,0,0
076_先锋：无尽旅途Pioneer-Endless_Journey_0.5.10C_FNAL,11,6,9,60,15,0
077_光之乐团 中文LightBand_2.0.4_(CN)_FNAL,0,17,4,84,14,7
078_光之乐团：舞步模式Lightband-Feetsaber_2.0.0_(CN)_FNAL,0,11,2,83,14,7
079_光剑节奏BeatSabreClone_Chinese_FNAL(5.3.x),0,4,0,1,4,0
080_全息训练Holofit_3.1.0.10_FNAL_Holofit_3.1.0.10_FNAL,0,11,0,32,7,0
081_全民王八拳Power_Punch_1.0.4_FNAL(5.3.x),0,8,23,57,3,16
083_农用拖拉机(5.6.x)_Farming_Tractor_0.4_FNAL,3,8,3,93,27,0
084_冥想Solas_VR_1.3,0,0,0,3,0,1
085_决赛足球VR Final_Soccer_PRO_1.22_FNAL,9,5,0,4,14,19
086_刀剑风暴Ironlights_143_FNAL(5.3.x),74,31,9,229,34,1
087_创世神Deisim_1.40_FNAL,1,1,1,31,15,0
088_剑与魔法（有com文件夹）_BladeAndSorcery_0.12.2_FNAL,0,1,0,0,0,0
089_剑与魔法：游牧民族Blade_And_Sorcery-Nomad_0.12.2_Blade_And_Sorcery-Nomad_0.12.2_01,0,1,0,0,0,0
090_功夫节奏_KungFuBeat_48,0,1,0,23,0,0
092_动感音旅Audio_Trip_1.0.3398_332_FAVTX(5.3.x),1,10,2,96,30,8
094_卡通消消乐Jentrix_1.1.0_FNAL,12,3,6,43,19,0
095_危机行动队2(5.6.x)_Crisis_Brigade_2_2.07_FNAL_Crisis_Brigade_2_2.07_FNAL,0,26,3,75,25,8
096_危机行动队Crisis_VRigade_1.27_FNAL(5.3.x),0,9,6,55,1,8
097_原始猎人（有com文件夹）_Primal_Hunt_0.015_2023_02_13_249231_FNAL(5.3.x),25,70,14,239,59,19
098_厨房冲突ClashOfChefsVR_1.1.3_7_FNAL(5.3.x),0,0,2,0,1,0
099_古籍寻游记 - 居延汉简Travelogue_in_Ancient_Books-Juyan_Hanjian_6.0_(CN)_Travelogue_in_Ancient_Books-Juyan_Hanjian_6.0_(CN)_FNAL,2,36,1,54,3,0
100_古籍寻游记 - 殷墟甲骨Travel_notes_on_ancient_books_8.0_(CN)_Travel_notes_on_ancient_books_8.0_(CN)_FNAL,0,0,0,46,0,0
101_台球游戏Billiard_VR_1.02_(CN)_FNAL,0,3,1,14,3,2
103_命运抉择_Bitsrealm_1.1,69,11,26,63,29,0
104_咕噜米的眼睛（有com文件夹）_Gloomy_Eyes_V4_FNAL,77,9,8,17,1,0
105_国际象棋俱乐部Chess_Club_1.6.09,2,0,3,32,7,0
106_圆盘忍者DiscNinja_EA-022_VTX(5.3.x),71,13,9,70,15,0
107_坠落死亡：小屋（有com文件夹）_Drop_Dead-The_Cabin_1.1.1_FNAL,4,37,10,185,62,4
108_坦克猎人Tank_Hunter_1.4_FNAL,1,2,0,14,5,0
109_城市建造_VR（有com文件夹）_Cities_VR_1.00.299_VTX,2,5,15,52,30,0
110_城镇叠叠乐Townscaper_VR_1.2.0_VTX,0,0,0,3,0,0
111_墙来了 OhShape_2.0.0.000,5,13,4,142,8,0
112_墙来了OhShape_2.0_VTX(5.3.x),5,12,4,126,8,0
113_墙裂要球Smash_Walls-RogueBall_1.1.1,-1,-1,-1,-1,-1,-1
"114_墨之韵You,_Caligrapher_1.0.2.7_FNAL(5.3.x)",0,6,0,15,0,0
115_多合一夏季运动会Summer_Sports_0.2.0,0,0,7,0,4,6
116_多合一运动  All_In_One_Sports_1.0.0_52_FNAL_1,6,45,19,131,13,5
117_多米诺骨牌Gadgeteer_1.1.3_FNAL(5.3.x),0,5,6,1,14,6
118_大力水冲PICO_Pressure_Washer_1.1.0.5_FNAL(1),0,0,0,0,0,0
119_大力水冲PICO_Pressure_Washer_1.1.0.5_FNAL,0,0,0,0,0,0
120_大卫・斯莱德之谜：案件档案David_Slade_Mysteries_Case_Files_3.3b_大卫・斯莱德之谜：案件档案David_Slade_Mysteries_Case_Files_3.3b,5,29,3,28,46,9
121_大卫・斯莱德之谜：案件档案（有com文件夹）_David_Slade_Mysteries_Case_Files_3.3b_FNAL,5,29,3,28,46,9
124_天镜：王国乱斗Skyworld-Kingdom_Brawl_1.0,2,14,19,168,7,15
126_太空健身计划Space_Fitness_V1.1_FNAL(5.3.x),69,41,11,47,47,8
127_太空城市建造Spacefolk_City_1.19.32_HTS,3,6,8,86,17,14
128_太空尽头EndSpace_1.0.7_VTX(5.3.x),66,10,5,25,4,0
129_太空海盗训练师_SpacePirateTrainer_2102-928202235147PM,25,20,46,119,79,23
131_太空飞行Space_Flight_1.2_(CN)_FNAL,71,7,6,8,4,0
135_奇幻丛林Wonderglade_1.10_VTX(5.3.x),78,17,2,28,17,1
136_奇幻滑雪3Fancy_Skiing_3_FAVTX(5.3.x),1,1,4,12,0,0
137_奥术黑客Arcaxer_FAVTX(5.3.x),79,15,25,74,17,3
138_女海盗 成名之路Madame_Pirate_1.0.2_FNAL,0,1,0,0,0,0
139_妖怪捉迷藏Obakeidoro_1.0.15_FNAL,5,7,49,22,27,3
140_妙探闯通关Sam_and_Max_VR_1.0.2_FNAL,17,24,5,110,18,1
141_宇宙海盗Space_pirate_trainer_v2102_FAVTX(5.3.x),25,20,46,119,79,23
142_宇航员木星失衡Yupitergrad_2.0.2_FNAL,9,0,3,23,8,0
143_宇航者2_土星失衡 Yupitergrad_2_1.0.0_(min_5.5.0)_FNAL,-1,-1,-1,-1,-1,-1
144_守卫者Defender_1.2_2_FNAL,69,7,5,9,1,0
146_守护者Guardians_1.1.1_FNAL_Guardians_1.1.1_FNAL,14,47,24,215,73,3
147_守护者Guardians_1.1.2_HTS_Guardians_1.1.2_HTS,14,47,27,216,73,3
149_安沙尔2：超速行驶（有com文件夹）_安沙尔2：超速行驶Anshar_2-Hyperdrive_201,11,13,48,45,20,32
150_完美棒球Totally_Baseball_2.5652_FNAL,39,27,16,210,42,23
152_实况钓鱼RealVrFishing_1.010 外服_RealVrFishing_1.010,25,7,33,108,29,6
153_家中的刽子手Hangman_at_Home_1.4_FNAL(5.3.x),6,9,11,5,0,0
154_射箭对战Archery_Battle_1.0.3,4,11,2,33,8,0
155_小吃店的实习生Intern_at_the_Snack_Bar_1.5.8_(CN)_FNAL,0,0,0,6,0,3
156_小土豆大冒险Kartoffl_1.0.012_FNAL,6,5,0,25,2,0
157_小小运动会Realm_Sport_1.1.4_FNAL,0,0,0,6,3,5
158_小怪兽：超级派对Little_Monster_Super_Party_CN_1.3.1_VTX,7,45,48,46,11,0
160_小鸟冒险合集_AeryVR_1.9.1_FNAL,12,3,3,1,2,0
161_小鸟冒险合集_Aery：冷静的头脑 Aery-CalmMindVR_1.0.31_FNAL,12,7,3,33,7,0
162_小鸟冒险合集_Aery：梦境 Aery-DreamscapeVR_1.0.1_FNAL,12,7,3,33,7,0
163_小鸟冒险合集_Aery：破碎的记忆 Aery-BrokenMemoriesVR_1.0.3_FNAL,12,7,3,33,7,0
164_小鸟冒险合集_Aery：超越时间 Aery-BeyondTimeVR_1.0.3_FNAL,12,7,3,33,7,0
165_崩溃大陆Crashland_1.024_HTS,24,13,1,115,72,2
166_巴黎圣母院（有com文件夹）_Eternal_Notre-Dame_1.6.2_FNAL,11,9,6,54,16,0
167_幻音骑士(5.6.x)_Synth_Riders_2.3.25.a2_FNAL,61,27,59,183,43,2
168_幽灵信号：群星游戏Ghost_Signal-A_Stellaris_Game_1.0.2_FNAL_Ghost_Signal-A_Stellaris_Game_1.0.2_FNAL,-1,-1,-1,-1,-1,-1
169_庄园惊魂Affected_The_Manor_FNAL(5.3.x),14,14,13,93,23,0
170_库贝街22-7号Arithmaze_Fun_House_2.3_FNAL,69,11,4,11,2,0
171_废土时速Death_Lap_6.67_667_FNAL(5.3.x),75,20,24,96,13,1
172_废墟法师（有com文件夹）_RUINSMAGUS_1.1.0.159_FNAL,12,3,5,120,47,2
173_建筑大师(5.6.x)_MasterBuilder_0.9.7.4_HTS,12,7,6,131,32,0
174_建筑大师MasterBuilder_0.9.6.7_FNAL,12,7,6,129,32,0
175_异星入侵_EnterVR_2.0,3,5,14,30,12,1
176_异构之巅Apex_Construct_38_FNAL(5.3.x),2,27,8,34,15,1
177_彩虹六号Breachers_11.7.41_FNAL_Breachers_11.7.41_FNAL,0,0,0,0,0,0
178_彩虹六号Breachers_12.0.24_FNAL_Breachers_12.0.24_FNAL,-1,-1,-1,-1,-1,-1
179_彩虹反应堆：聚变Rainbow_Reactor-Fusion_1.0.29_FNAL,0,1,0,31,11,0
180_御风飞行2(5.6.x)_Windlands_2_1.0.4_FNAL_Windlands_2_1.0.4_FNAL,17,42,14,88,30,2
181_德米欧 地堡奇谭(5.6.x)_Demeo_1.30.215558_FNAL,10,9,31,380,18,10
182_心松Ultimatecare_Sleephelper_4.0_(CN)_Ultimatecare_Sleephelper_4.0_(CN)_FNAL,0,0,0,10,0,0
183_心跳女友千雅篇Heartbeat_Girlfriend_Qianya_Chapter_1.3.6_(CN)_FNAL,0,1,0,13,0,0
184_忍者传说Ninja_Legends_1.0.11_29_(CN)_FNAL,72,23,15,201,53,2
185_快乐厨房(5.6.x)_Cook-Out_1.13.213183_FNAL,3,22,37,76,40,3
187_急速攀岩Rock_to_Top_2.0.3_(CN)_FNAL(5.3.x),4,2,0,114,49,0
188_急速滑翔Rush_1.2.3_FNAL(5.3.x),18,16,25,172,30,0
189_恐怖大厅Dreadhalls_1.6.16_FNAL(5.3.x),75,11,67,61,12,0
190_恐怖逃生Cosmodread_1.0.0.14_FAVTX(5.3.x),69,17,29,51,25,1
193_愤怒的小鸟AR猪岛Angry_Birds_-_Isle_of_Pigs_3.3.179993_FNAL(5.3.x)(1),6,16,5,48,5,1
194_愤怒的小鸟AR猪岛Angry_Birds_-_Isle_of_Pigs_3.3.179993_FNAL(5.3.x),6,16,5,48,5,1
195_我们在家WeAreAtHome_1.0_VTX,6,9,11,5,0,0
196_我的世界Discovery_2.6.0.0_FNAL(5.3.x),62,14,6,11,3,1
197_战地行动Operation_Warcade_1.72_33_FAVTX(5.3.x),15,5,4,78,6,1
198_战斗团体BattleGroupVR_V37_FNAL,3,10,8,14,7,8
199_战斧传说Axegend_3.1.4_FNAL,2,27,0,150,23,10
200_战机大战Warplanes-WW1_Fighters_4.2.0.2_FNAL,15,12,7,49,21,1
201_战机大战Warplanes-WW1_Fighters_4.2.03,15,12,7,49,21,1
202_战机激战太平洋Warplanes-Battles_over_Pacific_1.3.0.7_FNAL(5.3.x),15,14,7,47,24,1
203_战机空战英豪Warplane_Air_war_hero_3.1.8_318_VTX(5.3.x),15,12,6,49,21,1
204_战痕：朋克吧！女孩Battlescar_1.0_VTX(5.3.x),109,17,6,39,110,0
205_战锤 40K：战斗姐妹BattleSisters_1.2.5_BattleSisters_1.2.5,9,31,7,169,48,9
207_打(5.6.x)_Beat_1.3.0_FNAL,0,0,0,2,0,0
208_扔水果VROlly_Power_Play_2.2_FNAL,26,15,5,113,18,5
209_扫黑追缉令Crime_Cracker_6_FNAL(5.3.x),0,11,0,32,1,0
210_抵抗Resist_1.0.184_184_FAVTX(5.3.x),0,15,6,79,11,7
212_拉面模拟器 一兰_IchiranVR_1.2.0,66,11,2,53,6,8
213_拍击Cybrix_0.9.21_FNAL(5.3.x),11,4,5,49,16,0
214_拳击俱乐部The_Fight_3.02_VTX(5.3.x),16,13,5,68,37,1
216_拳力方块Power_Punch_1.0.4_FNAL(5.3.x),0,8,23,57,3,16
217_拳力方块VR Sucker_Punch_1.19_FNAL,11,4,7,69,17,0
219_掘金者Cave_digger_riches_vr_v2.12_VTX(5.3.x),8,6,10,167,56,2
222_探索者：我的影子Seeker-My_Shadow_1.0.5.4_FNAL,0,5,0,63,4,0
223_摩登城迷案TheSecretOfRetropolis_0.6_VTX(5.3.x),14,23,5,105,53,0
224_敏捷模式Brisk_Square_0.878_FNAL,1,11,5,149,15,1
225_数字世界MathWorld_VR_1.0_VTX(5.3.x),0,7,0,77,6,0
226_数学世界MathWorld_VR_3.0,0,8,0,82,8,0
227_方块主义cubism_1.6.1_236_VTX(5.3.x),14,18,9,127,58,9
228_方寸幻境Reflection_0.0.4_FNAL,0,2,8,41,14,1
231_星球大战_绝地武士Star_Wars-JK_Outcast_JK_Academy_1.1.8_JKXRCompanion_1.0PicoEA,0,0,0,4,1,0
233_星穹Vault_of_Stars_23.01.30_FNAL,2,9,1,102,31,2
235_星际巫师Star_Shaman_22.5.0_FNAL(5.3.x),72,10,16,138,20,2
237_暗影之门：麦克洛克之矿Shadowgate-The_Mines_of_Mythrok_0.0.56_FNAL(5.3.x),13,3,18,68,34,21
239_暮光之城 阴阳魔界（有com文件夹）_The_Twilight_Zone_4707_FNAL,1,21,4,34,54,8
240_暴走投篮JUST_HOOPS_1.4.491_FNAL,124,45,39,94,24,3
242_曼尼・帕奎WManny_Boxing_VR_1.04_FNAL,1,18,3,28,7,2
243_最后的发条工The_Last_Clockwinder_1.25_FNAL_The_Last_Clockwinder_1.25_FNAL,-1,-1,-1,-1,-1,-1
244_最后的迷宫Last_Labyrinth_1.02_FNAL,72,29,5,26,77,9
245_未来战警(5.6.x)_xcop_1.43_FNAL,1,6,2,4,2,8
246_末世尸潮双重打击Drop_Dead_Dual_Strike_1.5.0_PICO_1.0.3_VTX(5.3.x),17,45,26,159,95,15
248_机械奇兵SweetSurrenderVR_1.791_VTX(5.3.x),2,1,18,55,14,1
249_机甲竞技Ultimechs_1.7.217597_FNAL,-1,-1,-1,-1,-1,-1
251_极速空战Shooty_Skies_Overdrive_1.20_VTX(5.3.x),63,11,2,16,1,6
252_枪战世界Spark_BraveDauntless_CN_2.4.1_VTX(5.3.x),5,127,6,296,59,14
254_枪械俱乐部Gun_Club_VR_1.1.84.246_246_FNAL(5.3.x),17,4,0,68,20,3
255_枪械突击队Gun_Raiders_0.8.1.4_FNAL,1,19,26,169,4,0
257_桌游派对Table_Party_1.0.3_FNAL,-1,-1,-1,-1,-1,-1
258_梦之境Realm_of_Dream_1.0.4,3,4,0,25,6,0
260_植物大战僵尸Plants_VS_Zombies_XR_0.1_(中文),0,0,0,0,1,4
261_模拟赛车驾驶V-Speedway_1.1.4,0,5,0,7,0,0
263_欧米茄飞行员Omega_Pilot_1.0.3.20_HTS_Omega_PIlot_1.0.3.20_HTS,12,1,6,62,16,3
264_歌利亚：玩转现实Goliath_1.9.11_FAVTX,2,2,5,91,10,0
265_死亡地平线DeathHorizon_1.0.4_FNAL(5.3.x),76,36,32,145,52,2
266_死亡瞬间（有com文件夹）_Dead_Second_0.70_FNAL,22,11,6,90,56,19
267_死亡预感Presentiment_Of_Death_1.0.3_FNAL,0,1,0,9,0,3
268_毒蛇行动OPERATION_SERPENS_2.1_29_FAVTX(5.3.x),9,8,4,34,27,0
270_水果忍者2 Fruit_Ninja_2_1.9.1.646485_FNAL,13,13,12,175,25,1
271_水果忍者FruitNinja_1.7.4.3_FNAL(5.3.x),0,6,0,7,10,11
272_水果忍者_Fruitninjavr_v1.7.4.1(5.3.x),0,6,0,7,10,11
273_水母Jellyfish_1.0.6_FNAL,4,2,8,1,9,1
274_永恒国度Realms_of_Eternity_0.6.9_FNAL(5.3.x),8,4,4,101,23,17
276_永恒星光Eternal_Starlight_1.5.914_HTS,2,13,4,55,23,2
277_永恒杀戮Everslaught_1.0.12_FNAL_Everslaught_1.0.12_FNAL,-1,-1,-1,-1,-1,-1
278_求生国度（有com文件夹）_Survival_Nation_1.3.10_FNAL,0,0,0,2,0,0
279_油画模拟器Vermillion_1.3.3f3_FNAL,5,11,2,150,26,0
280_法老王的秘宝The_Secret_Pyramid_1.0.2_FNAL(5.3.x),13,45,18,79,22,0
281_泡泡运动会VRCrazy_World_VR_1.077_FNAL,52,24,14,204,104,11
282_泰山VR（有com文件夹）_Tarzan_VR_2.6_FNAL(5.3.x),43,29,17,184,83,33
283_洞穴挖掘机2CaveDigger2_0.9.46.1_FAVTX(5.3.x),6,15,47,97,25,14
284_派对达人Party_Pumper_1.2_FNAL,73,25,16,88,38,26
286_海上花园（有com文件夹）_海上花园 Garden_of_the_Sea,11,48,7,87,49,3
287_海岛余生TillTomorrow_0.6.1.3_FNAL,0,2,5,10,0,0
288_消消乐 XiaoXiaoLe_0.8_(CN)_FNAL,0,0,0,3,0,0
289_消消动物园ExtinctionZoo_1.0.3_FNAL(5.3.x),0,0,0,4,5,0
290_淤基吕物语（需要复制com文件夹）_Onogoro_1.1.0222_FNAL,47,22,9,214,65,7
291_深海魅光Biolum_0.1.0.265_VTX,0,0,0,1,0,0
296_演讲大师_SpeechMaster_1.0.4,69,8,4,20,6,0
297_漫步 开加速器Wander_0.3522_FNAL,0,0,0,0,1,0
298_漫步闲游：迷你高尔夫Walkabout_Mini_Golf_4.0_15460_FNAL(5.3.x),1,22,11,42,6,1
299_激燃快鼓Smash_Drums_3.2.0_FNAL,83,28,19,81,36,13
300_火箭冰鞋RocketSkates_1.0.6_FNAL(5.3.x),72,10,8,46,8,1
301_灭亡之后：凛冬After_The_Fall_1.37240.41048_After_The_Fall_1.8.41048_FNAL,-1,-1,-1,-1,-1,-1
302_灭亡之后：凛冬（有com文件夹）_After_The_Fall_1.8.41048_FNAL,-1,-1,-1,-1,-1,-1
304_炼金士与骑士(5.6.x)_Mixture_1.0.268_FNAL_Mixture_1.0.268_FNAL,0,5,3,68,10,0
305_烧烤保卫战Beers_And_Boomerangs_0.6.6_FNAL,0,0,0,16,1,0
306_热血橄榄球2MD_VR_Football_Unleashed_All-Star_1.01_VTX(5.3.x),3,0,1,12,0,0
307_燃鼓英雄Drums_Rock_1.050_FNAL(5.3.x),11,1,7,54,15,1
308_燥热SuperHot_1.90_FNAL(5.3.x),70,58,18,82,103,14
309_爆裂厨房CookingSimulatorVR_1.0.12.1_CookingSimulatorVR_1.0.12.1_FNAL,25,13,6,199,40,19
310_爆裂厨房_CookingSimulatorVRcrack_1.0.11.0,25,13,6,199,40,19
311_爆裂球拍(5.6.x)_Racket_NX_2.8.18_FNAL,2,9,35,10,4,0
312_爆裂节奏（有com文件夹）_Blast_Beat_1.0.0_FNAL,4,8,0,15,3,0
314_爱丽丝前传Down_the_Rabbit_Hole_1.02_FNAL(5.3.x),64,7,20,26,5,1
316_玩命特攻(5.6.x)_Rampage_4.7_FNAL,3,18,47,91,55,5
317_玩命特攻Rampage_4.5_(CN)_FNAL,3,18,44,91,53,5
319_理发师Shave_and_Stuff_1.042_FNAL,-1,-1,-1,-1,-1,-1
320_生存国度Survival_Nation_0.2.18cn_Survival_Nation_0.2.18cn_FNAL,0,0,0,0,0,0
321_由纪YUKI_1.1.3.242_FNAL(5.3.x),11,1,7,42,14,0
322_疯狂功夫Crazy_KungFu_0.93.10_FNAL,2,19,4,70,13,1
323_疯狂卡丁车Touring_Karts_PRO_1.996_FNAL(5.3.x),7,35,1,134,138,48
324_疯狂过山车（有com文件夹）_Epic_Rollercoasters_8.5.2_FNAL(1),4,18,8,53,11,17
325_疯狂过山车（有com文件夹）_Epic_Rollercoasters_8.5.2_FNAL,4,18,8,53,11,17
326_皮鞭手枪(5.6.x)_Pistol_Whip_1.5.60.246_FNAL,5,19,7,58,43,3
327_监狱大佬Prison_Boss_VR_1.6.0.19_VTX(5.3.x),1,3,0,27,0,0
329_码头游戏厅Pierhead_Arcade_2_3.0.7_FNAL(5.3.x),0,2,4,74,1,5
330_码头游艺厅2 PierheadArcade2_3.07_HTS,0,2,4,74,1,5
331_社交VR MageCosmos_0.4.6,77,52,13,160,71,0
332_祖玛ZOOMA_VR_1.1.4_699_VTX(5.3.x),0,2,4,8,0,0
333_神圣决斗Divine_Duel_1.0.539_FNAL,-1,-1,-1,-1,-1,-1
335_神秘博士时间的边缘Doctor_Who_1.0_FNAL(5.3.x),69,17,6,179,49,4
336_私人订制Personal_Tailor_1.4.0_(CN)_FNAL,0,0,0,4,0,0
337_私人财产（有com文件夹）_Private_Property_1.1.1_FNAL,5,13,14,69,23,8
338_秒死Dead_Second_0.70_秒死Dead_Second_0.70,22,11,6,90,56,19
339_移动云vr CMCC_Cloud_VR_2.2.4.2_(CN)_FNAL,42,73,34,67,10,6
341_立体拼图_BlockPuzzle_0.6.2,69,7,7,8,1,0
342_第五件遗留物The_Fifth_Remnant_1.3.1_(CN)_FNAL,6,13,9,161,103,1
343_筑梦海岸Shores_of_Loci_1.2_FAVTX(5.3.x),0,0,2,8,2,1
344_精灵刺客  Elven_Assassin_1.7.1_FNAL_Elven_Assassin_1.7.1_FNAL,0,17,16,84,15,4
348_纸鹤Paper_Birds_1.4_纸鹤Paper_Birds_1.4,8,0,12,51,6,0
352_维爱智元Wei_Ai_Zhiyuan_1.0.0_(CN)_FNAL,72,43,14,111,8,5
353_绿色地狱（有com文件夹）_绿色地狱Green_Hell_1.0.3,3,9,1,217,22,6
354_网球模拟器 第一人称网球(5.6.x)_First_Person_Tennis_4.1_FNAL,8,0,10,9,8,0
355_美食岛大胃王Kitchen_Island_VR_1.15_16_VTX(5.3.x),81,44,11,27,22,2
356_自然迷踪Nature_Treks_1.19_19_VTX(5.3.x),67,15,13,47,44,13
357_致命节奏（有com文件夹）_AGAINST_base.cracked,2,14,0,71,18,0
358_舞Hime：节奏连消Dance_Hime-Rhythmic_elimination_1.0.4_FNAL,6,11,3,13,9,2
359_舞力对决DanceCollider_1.1_VTX(5.3.x),103,35,2,3,25,4
360_舞动双剑Wave_Your_Blade_In_Dance_3.1_FNAL,0,4,0,1,4,0
361_航行(5.6.x)_SAIL_1.0.20j_FNAL_SAIL_1.0.20j_FNAL,6,12,7,137,35,2
362_色彩连连看ColorConnectVR_2.0.39_VTX(5.3.x),1,0,1,4,0,0
363_艺术脉动ArtPulse_0.3.3_FNAL(5.3.x),65,17,10,97,46,2
364_节奏健身PowerBeatsVR_3.4.0_R4646_FNAL(5.3.x),1,7,6,30,7,5
365_节奏健身岛Groove_Fit_Island_1.1.0p7_FNAL,7,42,2,230,7,25
366_节奏拳击Song_Beater_4.3.5_FNAL(5.3.x),66,7,15,18,4,1
368_节奏萌音BoomBox_3.0.8_FNAL,0,2,1,34,4,0
370_苍穹SPHERES_1.44_FNAL,3,10,0,0,1,4
375_莱美搏击（有com文件夹，英文）_莱美搏击_Les-Mills-BodyCombat_1.4,3,1,6,33,6,0
378_虚世界dij_WebXR_1.0.12_(CN)_FNAL,1,3,2,3,10,5
379_虚拟办公室Immersed_1.9.95,31,6,31,106,8,3
380_虚拟演讲VirtualSpeech_3.26_HTS,28,10,22,4,30,10
381_虚拟训练Enhance_VR_2.6.1.2_FNAL,8,7,0,36,9,1
382_蜂潮危机（有com文件夹）_蜂潮危机_Swarm_1,18,2,14,45,18,0
383_街机穿越Pangman_1.1_10_VTX(5.3.x),95,22,12,66,18,1
384_被盗宠物之谜The_curious_tale_of_the_stolen_pets_1.04.7_FNAL(5.3.x),150,46,13,152,35,0
387_角斗士觉醒Gorn_1.3.2855_31_UNCENSORED_FNAL(5.3.x),19,23,0,49,26,10
388_触手巧匠Tentacular_1.1.24_90_VTX(5.3.x),0,10,1,18,8,23
389_诺克射手(5.6.x)_Nock_1.8.7_FNAL_Nock_1.8.7_FNAL,3,52,26,140,94,1
391_谷歌绘画MultiBrush_0.130b_VTX,3,16,4,36,10,14
392_超弦乐队Band_Space_1.0.4_FNAL,9,35,23,182,61,34
393_超次元接触（有com文件夹）_超次元接触_UNBINARY_1.0.3(5.3.x),10,2,8,41,14,0
394_超燃一刻Calwave_1.3.1.0,5,38,14,85,74,7
395_超级滑翔翼2（有com文件夹）_超级滑翔翼2_Ultrawings2_0.973(5.3.x),56,5,42,147,36,1
396_超能军团HyperDash_29.4.43_FNAL_HyperDash_29.4.43_FNAL,9,26,9,72,45,0
397_超能军团_HyperDash_29.4.36_HyperDash_29.4.36_HTS,9,26,9,72,45,0
398_超自然侦探：逃离 90 年代（有com文件夹）_Paranormal_Detective-Escape_from_the_90s_1.19_FNAL,21,20,7,70,26,0
399_超自然侦探：逃离80年代Paranormal_Detective-Escape_from_the_80s_1.93_FNAL,12,32,1,108,72,2
401_距离之书The_Book_of_Distance_1.8.7,4,2,6,47,0,1
402_轻世界Pico_Worlds_1.5.1_(CN)_FNAL,0,11,23,40,7,0
403_轻松钓鱼Bait!_1.13_FNAL(5.3.x),63,11,3,23,3,4
405_远古地牢Ancient_Dungeon_ea0.1.3.6_29_VTX(5.3.x),1,5,17,52,5,20
406_迷你赛车手Mini_Motor_Racing_X_1.3.6.132_VTX(5.3.x),2,6,20,62,16,0
407_迷你都市LittleCities_1.0.4_VTX(5.3.x),12,9,9,92,16,4
408_迷室The_Room_A_Dark_Matter_1.0.2_VTX(5.3.x),0,8,0,33,3,3
409_迷幻拼图Squingle_2.0.9_VTX(5.3.x),3,26,7,92,6,3
410_迷禁Lost_In_Abyss_44.1.15(5.3.x),3,10,3,23,8,1
411_逃出地牢Escape_from_dungeon_1.1.9_29_FAVTX,70,28,23,19,13,0
413_速降阿尔卑斯DescentAlps_0.4.6_VTX(5.3.x),62,7,5,18,3,0
414_造路游戏Tsuro_1.04_FNAL(5.3.x),62,9,21,14,15,1
416_里奇的木板Richies_Plank_Experience_1.9.1,16,2,8,60,26,1
417_重力实验 Gravity_Lab_1.218_FNAL,21,8,7,65,21,0
418_重力素描GravitySketchVR_6.0.3-pi_FNAL,-1,-1,-1,-1,-1,-1
419_钢铁战士IRON_GUARD_VR_1.12_FNAL(5.3.x),11,4,0,21,3,0
421_银河钓手Galactic_Catch_1.23.230402_FNAL,6,0,8,25,10,5
423_阿尔沃（有com文件夹）开机速器_Alvo_0.25,15,41,32,177,53,1
424_阿尔特斯超越时空ALTDEUS_BeyondChronos1.1.9_FAVTX(5.3.x),0,0,0,0,0,0
425_除夕：双鱼玉佩（有com文件夹）_Immortal_Legacy_VR_1.9_FNAL(5.3.x),14,28,12,271,105,10
426_雪城堡Snow_Fortress_1.516_FNAL(5.3.x),66,13,14,61,16,1
428_零封Cleansheet_2022.3.6P_FNAL(5.3.x),20,10,14,97,31,0
431_霹雳神兵Shock_Troops_1.4.1_FNAL(5.3.x),11,12,3,33,8,0
432_音乐冲击波Beat_Blaster_1.69_FNAL,6,0,0,1,1,1
433_音乐达人（有com文件夹）_Virtuoso_1.2.7_FNAL,9,11,5,53,13,2
434_飓风冲突VR(5.6.x)_Orkana_Conflict_6_FNAL,16,5,8,145,32,12
435_飞行工厂SimplePlanes_1.12.143_HTS,5,4,1,27,51,19
436_飞行英雄Flying_Hero_1.1.3_FNAL,71,7,4,10,2,0
437_驱魔人军团Exorcist_LegionVR_1.1.1_FNAL(5.3.x),98,54,48,131,89,7
439_高尔夫5俱乐部golf5eclub_3.349_golf5eclub_3.349,12,11,16,0,4,22
440_魔杖Wands_1.8.0.1_5_FNAL(5.3.x),69,28,22,75,11,7
441_魔杖联盟Wands_Alliances_1.1.6.83_FNAL,1,10,5,44,6,0
442_魔法层层叠Humpty_Dumpty_Poo_2.1_30_(CN)_FNAL,69,11,4,15,12,0
443_魔法拼图：龙与剑Magic_Puzzle-Dragon_and_Sword_1.1.4,0,0,0,8,0,0
444_魔法消消乐_Wholalo_2.1,69,11,4,15,12,0
446_鲤鱼饼大作战Lucky_Fish_Bread_0.44_FAVTX(5.3.x),0,3,0,12,1,19
447_黑曜世界SolarBlack_1.1_HTS,15,2,6,69,23,2
449_默者SairentoVRUntethered_1.9.0p1_FNAL(5.3.x),78,52,29,306,71,9
450_龙拳功夫DragonFistVRKungFu_1.0.0_FNAL(5.3.x),82,14,4,51,19,0
