Ord,Apk_Name,Matched_Apk_Name,Type,Url,Unity_Eye_Count,Unity_Head_Count,Unity_Environment_Count,Unity_Hand_Count,Unity_Body_Count,Unity_Face_Count,Unreal_Module_Names
0,1钢铁机甲汉化版_Iron_Rebellion_v9176.46,Iron Rebellion,Unity,https://www.iron-rebellion.com/privacypolicy,11,7,11,66,18,0,NUL
1,1魔法消消乐汉化中文版_Magical_Journey_v1.0.4,Magical Journey,Unity,https://magical-journey.net/privacy-policy.html,14,2,5,60,18,0,NUL
2,3D人偶汉化中文版_HQuest_v0.4,Quest Vallisaari Island,Unreal,https://helsinkibiennaali.fi/en/privacy-policy/,NUL,NUL,NUL,NUL,NUL,NUL,"349203: No .uplugin file
"
3,3D绘画汉化版_SculptrVR_v3.831.406,Hello Neighbor: Search and Rescue,Unreal,https://www.tinybuild.com/privacy-policy,NUL,NUL,NUL,NUL,NUL,NUL,"817320: No main.obb.png
"
4,DanceCentral,Dance Collider,Unreal,https://www.dancecollider.com/privacy,NUL,NUL,NUL,NUL,NUL,NUL,"817320: No main.obb.png
"
5,Dancing_Hime：Rhythm_Matching,Dancing HimeÄÅºÂRhythm Matching,Unity,https://cdnqmxz.ios.haibaoyouxi.com/vr/privacypolicy.html,8,11,3,13,9,2,NUL
6,Dead_and_Buried_II_ScriptPatched,Dead and Buried II,Unity,https://www.meta.com/legal/privacy-policy/?utm_source=www.oculus.com&utm_medium=oculusredirect,-1,-1,-1,-1,-1,-1,NUL
7,EQQO_[1.0-3][com.ParallelStudio.EQQO],Baboom Paradise,Unreal,https://abbibre090.wixsite.com/baboomkings,NUL,NUL,NUL,NUL,NUL,NUL,"OpenExrWrapper
AppleImageUtilsBlueprintSupport
OnlineSubsystemNull
GeometryCacheEd
AndroidDeviceProfileSelectorRuntime
LightPropagationVolumeRuntime
GeometryCacheSequencer
MediaCompositingEditor
BackChannel
AssetManagerEditor
AppleImageUtils
OnlineBlueprintSupport
AndroidMoviePlayer
ProceduralMeshComponent
AppleVision
CryptoKeys
AndroidMediaEditor
NetcodeUnitTest
ExampleDeviceProfileSelector
AndroidDeviceProfileSelector
AudiokineticTools
GeometryCacheTracks
LinearTimecode
EditableMesh
LocationServicesBPLibrary
AISupportModule
DatasmithContent
ImgMediaFactory
RuntimePhysXCooking
ActorSequence
UdpMessaging
MobilePatchingUtils
OnlineSubsystem
AkAudio
ImgMedia
MediaCompositing
DatasmithContentEditor
GeometryCache
ProceduralMeshComponentEditor
LightPropagationVolumeEditor
AppleVisionBlueprintSupport
MeshEditor
AndroidMediaFactory
PolygonModeling
MatineeToLevelSequence
OnlineSubsystemUtils
TcpMessaging
ImgMediaEditor
AndroidPermission
CryptoKeysOpenSSL
AndroidMedia
"
8,FailFactory-Android-Shipping-armv7-es2,Fail Factory!,Unreal,https://armature.com/games/failfactory/privacy-policy/,NUL,NUL,NUL,NUL,NUL,NUL,"OpenExrWrapper
AppleImageUtilsBlueprintSupport
OnlineSubsystemNull
FacialAnimation
GeometryCacheEd
AndroidDeviceProfileSelectorRuntime
CableComponent
PhysXVehiclesEditor
LightPropagationVolumeRuntime
GeometryCacheSequencer
AlembicImporter
MediaCompositingEditor
BackChannel
AssetManagerEditor
OnlineSubsystemOculus
SmartSnapping
AppleImageUtils
OnlineBlueprintSupport
ArchVisCharacter
ArmatureUtils
AndroidMoviePlayer
ProceduralMeshComponent
Paper2D
AppleVision
CryptoKeys
PhysXVehicles
VariantManagerContent
PaperTiledImporter
AndroidMediaEditor
NetcodeUnitTest
CustomMeshComponent
ExampleDeviceProfileSelector
AndroidDeviceProfileSelector
GoogleCloudMessaging
OculusEditor
GeometryCacheTracks
LinearTimecode
EditableMesh
AlembicLibrary
LocationServicesBPLibrary
AISupportModule
DatasmithContent
ImgMediaFactory
OculusInput
ActorSequence
RuntimePhysXCooking
UdpMessaging
MobilePatchingUtils
ApexDestruction
PaperSpriteSheetImporter
ImgMedia
MediaCompositing
OnlineSubsystem
DatasmithContentEditor
GeometryCache
OculusMR
ProceduralMeshComponentEditor
LightPropagationVolumeEditor
AppleVisionBlueprintSupport
MeshEditor
CharacterAI
AndroidMediaFactory
Firebase
PolygonModeling
ApexDestructionEditor
Paper2DEditor
OnlineSubsystemUtils
FacialAnimationEditor
OculusHMD
ImgMediaEditor
AndroidPermission
CryptoKeysOpenSSL
AndroidMedia
"
9,GridLegends,GRID Legends,Unreal,https://www.ea.com/zh-cn/legal/privacy-and-cookie-policy,NUL,NUL,NUL,NUL,NUL,NUL,"766212: no libUE4.so
817320: No main.obb.png
"
10,GunWorldVR,Gun World VR,Unreal,https://github.com/superdude12399/PrivacyPolicy,NUL,NUL,NUL,NUL,NUL,NUL,"817320: No main.obb.png
"
11,KTV包厢_PartyOn_v3.4.397,PartyOn,Unity,https://www.xrspace.io/us/legal/privacy_policy,10,46,107,105,54,56,NUL
12,Organ_Quarter,3D Organon VR Anatomy,Unity,https://www.3dorganon.com/privacy-policy/,6,9,7,111,19,0,NUL
13,OtherSight,Brothers Volcano - Virtual Experience,Unity,https://metaforge.games/privacy-policy,15,8,7,224,28,0,NUL
14,RE_文件管理器,Slap Fighting Champion,Unreal,http://initiumstudio.com/privacypolicy.html,NUL,NUL,NUL,NUL,NUL,NUL,"777123: no lib folder
766212: no libUE4.so
817320: No main.obb.png
"
15,RedMatter,Red Matter,Unreal,https://verticalrobot.com/privacy/,NUL,NUL,NUL,NUL,NUL,NUL,"817320: No main.obb.png
"
16,Rez_Infinite_[41.0]_patched,Rez Infinite,Unreal,https://rezinfinite.com/privacy-policy/,NUL,NUL,NUL,NUL,NUL,NUL,"817320: No main.obb.png
"
17,Sharecare_YOU_Anatomy,Sharecare YOU Anatomy,Unity,https://www.sharecare.com/,8,11,0,68,4,2,NUL
18,Sports_Scramble,Sports Scramble,Unreal,https://armature.com/games/sports-scramble/privacy-policy/,NUL,NUL,NUL,NUL,NUL,NUL,"817320: No main.obb.png
"
19,Swarm,Swarm,Unity,https://www.swarmvrgame.com/privacy-policy,7,4,7,54,11,3,NUL
20,TO_THE_TOP,TO THE TOP,Unity,http://www.tothetopvr.com/privacy-policy,74,30,3,70,73,2,NUL
21,Tribe_XR_DJ_in_,The Walking Dead: Saints & Sinners - Chapter 2: Retribution,Unreal,https://skydance.com/TWDSS-Privacy-Policy/,NUL,NUL,NUL,NUL,NUL,NUL,"817320: No main.obb.png
"
22,VR_Ping_Pong_Pro,VR Pigeons,Unreal,ttps://www.oculus.com/experiences/quest/3957512337647287/?utm_source=oculusapplab.com&store&item_id=3957512337647287&r=1,NUL,NUL,NUL,NUL,NUL,NUL,"817320: No main.obb.png
"
23,VR贪吃蛇_Space_Slurpies_v1.4.181,Space Slurpies,Unity,https://www.starcadearcade.com/space-slurpies-privacy-policy,4,6,11,68,15,0,NUL
24,Warhammer_Age_of_Sigmar_Tempestfall,Warhammer Age of Sigmar: Tempestfall,Unreal,https://tempestfall.com/privacypolicy/,NUL,NUL,NUL,NUL,NUL,NUL,"817320: No main.obb.png
"
25,Xtrapol,Alien Extraction Demo,Unreal,https://alienextraction.com/privacypolicy,NUL,NUL,NUL,NUL,NUL,NUL,"817320: No main.obb.png
"
26,X战机拳击_X-Fighter_v1.22.22,X-Fighter,Unity,https://sites.google.com/view/x-fighter-privacy-policy,3,7,1,73,17,0,NUL
27,Z_赛车_Z-Race_v1.0.11.5.901,Z-Race,Unity,https://xocus.co/privacy-policy-eng,10,7,9,38,15,6,NUL
28,Z僵尸世界赛车大战_Z_Show_v1.07.21,Z Show,Unity,https://cenda.cz/privacy.html,13,1,5,52,24,0,NUL
29,beatsaber-unmodded,Beat Saber,Unity,https://www.meta.com/legal/quest/beat-saber-privacy-policy/?utm_source=www.oculus.com&utm_medium=dollyredirect,-1,-1,-1,-1,-1,-1,NUL
30,com.beatgames.beatsaber,Beat Saber,Unity,https://www.meta.com/legal/quest/beat-saber-privacy-policy/?utm_source=www.oculus.com&utm_medium=dollyredirect,-1,-1,-1,-1,-1,-1,NUL
31,com.weloveoculus.BMBF,Oculus First Contact,Unreal,https://www.meta.com/legal/privacy-policy/?utm_source=www.oculus.com&utm_medium=oculusredirect,NUL,NUL,NUL,NUL,NUL,NUL,"766212: no libUE4.so
817320: No main.obb.png
"
32,noclip,Noclip VR,Unity,https://realitygamesonline.net/NoclippedVr/PrivacyPolicy.txt,7,14,4,158,15,0,NUL
33,一兰拉面_Counter_Fight_ICHIRAN_[1.1.0_96],Thunder Gladiator - Fighting Game,Unity,https://skippyapps.com/privacy.html,5,4,0,46,5,8,NUL
34,一起做陶瓷_Lets_Create!_Pottery_v1.12.670,Shelley's Creation,Unity,https://www.sciencevr.com/privacy-policy,0,2,5,56,2,0,NUL
35,不予播出_Not_For_Broadcast_[1.8.1275],Not For Broadcast,Unity,https://www.tinybuild.com/privacy-policy,18,8,13,64,23,1,NUL
36,与你在一起_Together_v1.5.2,Sing Together: VR Karaoke,Unreal,https://www.stasisfield.xyz/privacy,NUL,NUL,NUL,NUL,NUL,NUL,"OpenExrWrapper
AppleImageUtilsBlueprintSupport
GeometryCacheSequencer
PlatformCryptoSwitch
AlembicImporter
DLC01
SmartSnapping
ArchVisCharacter
AndroidMoviePlayer
AndroidMediaEditor
CustomMeshComponent
AudioCaptureEditor
GoogleCloudMessaging
LocationServicesBPLibrary
ActorSequenceEditor
AutomationUtils
UdpMessaging
OculusMR
DatasmithContentEditor
GeometryCache
WebMMediaFactory
PlatformCrypto
KawaiiPhysicsEd
AnimationSharing
OnlineSubsystemGooglePlay
OnlineBlueprintSupport
AppleImageUtils
VariantManagerContentEditor
SignificanceManager
PhysXVehicles
NetcodeUnitTest
AndroidDeviceProfileSelector
EditableMesh
AISupportModule
ImgMediaFactory
OculusInput
UObjectPlugin
PaperSpriteSheetImporter
ProceduralMeshComponentEditor
ApexDestructionEditor
Paper2DEditor
PlatformCryptoOpenSSL
AndroidPermission
AndroidMedia
WebMMediaEditor
OnlineSubsystemNull
FacialAnimation
CableComponent
AndroidDeviceProfileSelectorRuntime
PhysXVehiclesEditor
LightPropagationVolumeRuntime
MediaCompositingEditor
BackChannel
AssetManagerEditor
PlatformCryptoTypes
ScreenshotTools
VariantManagerContent
GeometryCacheTracks
DatasmithContent
WebMMedia
MobilePatchingUtils
ApexDestruction
MediaCompositing
LightPropagationVolumeEditor
CharacterAI
AudioCapture
FacialAnimationEditor
ImgMediaEditor
ExampleDeviceProfileSelector
KawaiiPhysics
GeometryCacheEd
AutomationUtilsEditor
AssetTags
ProceduralMeshComponent
Paper2D
VictoryBPLibrary
PaperTiledImporter
PlatformCryptoBCrypt
OculusEditor
TcpMessaging
AlembicLibrary
RuntimePhysXCooking
ActorSequence
ImgMedia
AndroidMediaFactory
OnlineSubsystemUtils
OculusHMD
AnimationSharingEd
OnlineSubsystem
"
37,东京时笼汉化版_TOKYO_CHRONOS_[1.0.4.31],TOKYO CHRONOS,Unity,https://tokyochronos.com/en/privacypolicy/,11,18,2,40,34,7,NUL
38,两只海豚_Jupiter_And_Mars_v1.42.82,projectJUPITER_a,Unreal,http://doga.jp/~moriyama/rouKANlien/DownLoadContents/OculusQuest/pckj/pp.html,NUL,NUL,NUL,NUL,NUL,NUL,"817320: No main.obb.png
"
39,为上帝献茶VR_Tea_For_God_v1.0.0.328,Tea For God Demo,Unreal,https://voidroom.com/privacy-policy/#page-content,NUL,NUL,NUL,NUL,NUL,NUL,"766212: no libUE4.so
817320: No main.obb.png
"
40,乐动未来_音计划_Mutrix-M_v1.0.0.1,Vetrix,Unity,https://vagabond.games/PrivacyPolicy/,1,1,0,19,0,0,NUL
41,乐队演奏_BEAT_ARENA_v1.5.1.71,BEAT ARENA,Unity,https://legal.konami.com/games/privacy/zh-cn/,32,28,0,95,10,8,NUL
42,二角通汉化版_NikakudoriVR[1.0.0.3],Nikakudori,Unity,https://www.dazzlesystem.co.jp/privacy-policy,5,0,3,23,8,1,NUL
43,二进制_UNBINARY_v1.0.2.61,UNBINARY,Unity,https://unbinary.com/privacy-policy/,10,2,8,41,14,0,NUL
44,亚利桑那阳光_Arizona_Sunshine_Quest_v1.6.21876,Arizona SunshineÃÅ½,Unity,https://vertigo-games.com/privacy-policy/,3,32,18,168,38,13,NUL
45,交通堵塞_Traffic_Jams_v1.0.21050311,Traffic Jams,Unity,https://vertigo-games.com/privacy-policy/,2,20,14,47,16,8,NUL
46,亦庄派对VR_Zombie_GearVR_1.5,HollowMindZ - VR Zombie Shooter,Unreal,https://accounts.google.com/v3/signin/identifier?continue=https%3A%2F%2Fsites.google.com%2Fview%2Fhollowmindz%2Fprivacy-policy&followup=https%3A%2F%2Fsites.google.com%2Fview%2Fhollowmindz%2Fprivacy-policy&ifkv=AXo7B7XK8aPGQdZYEnOdWx4DhknW7BOc_RxxmL2UDi3cs4Rifm9GhDrZ7dNERBJqJSPywB4YXEm0UQ&osid=1&passive=1209600&flowName=GlifWebSignIn&flowEntry=ServiceLogin&dsh=S-2012589372%3A1693446622569984&theme=glif,NUL,NUL,NUL,NUL,NUL,NUL,"ImmediatePhysics
OnlineSubsystemNull
FacialAnimation
CableComponent
PhysXVehiclesEditor
ImmediatePhysicsEditor
LightPropagationVolumeRuntime
OnlineSubsystemGooglePlay
SmartSnapping
OnlineBlueprintSupport
ArchVisCharacter
AndroidMoviePlayer
ProceduralMeshComponent
Paper2D
PhysXVehicles
PaperTiledImporter
AndroidMediaEditor
CustomMeshComponent
ExampleDeviceProfileSelector
AndroidDeviceProfileSelector
GoogleCloudMessaging
GearVR
HTTPChunkInstaller
LocationServicesBPLibrary
GearVRController
UdpMessaging
MobilePatchingUtils
PaperSpriteSheetImporter
OculusLibrary
ProceduralMeshComponentEditor
LightPropagationVolumeEditor
AndroidMediaFactory
CharacterAI
Paper2DEditor
OnlineSubsystemUtils
FacialAnimationEditor
TcpMessaging
AndroidPermission
OnlineSubsystem
AndroidMedia
"
47,人体解剖学_3D_Organon_Anatomy_[2021.0.9],3D Organon VR Anatomy,Unity,https://www.3dorganon.com/privacy-policy/,35,30,22,253,75,4,NUL
48,人物绘画汉化中文版_Gesture_vB0053.53,Frizzle Lecture Viewer,Unity,https://www.frizzleapp.com/privacy,0,0,10,14,1,0,NUL
49,什么棒球_WHAT_THE_BAT_v1.3.1.230323113,WHAT THE BAT?,Unity,https://whatthegames.com/what-the-bat-privacy,9,6,0,2,6,2,NUL
50,代达罗斯汉化版_Daedalus_[1.0.002.3],Daedalus,Unreal,https://verticalrobot.com/privacy/,NUL,NUL,NUL,NUL,NUL,NUL,"OpenExrWrapper
AppleImageUtilsBlueprintSupport
GeometryCacheSequencer
PlatformCryptoSwitch
AlembicImporter
SmartSnapping
ArchVisCharacter
AndroidMoviePlayer
AndroidMediaEditor
CustomMeshComponent
AudioCaptureEditor
GoogleCloudMessaging
LocationServicesBPLibrary
ActorSequenceEditor
AutomationUtils
UdpMessaging
OculusMR
DatasmithContentEditor
GeometryCache
PlatformCrypto
AnimationSharing
CryptoKeysOpenSSL
OnlineBlueprintSupport
AppleImageUtils
SignificanceManager
CryptoKeys
PhysXVehicles
NetcodeUnitTest
AndroidDeviceProfileSelector
EditableMesh
AISupportModule
ImgMediaFactory
OculusInput
PaperSpriteSheetImporter
ProceduralMeshComponentEditor
Paper2DEditor
PlatformCryptoOpenSSL
AndroidPermission
AndroidMedia
OnlineSubsystemNull
FacialAnimation
CableComponent
AndroidDeviceProfileSelectorRuntime
PhysXVehiclesEditor
LightPropagationVolumeRuntime
MediaCompositingEditor
BackChannel
AssetManagerEditor
ScreenshotTools
VariantManagerContent
GeometryCacheTracks
DatasmithContent
CurveEditorTools
MobilePatchingUtils
MediaCompositing
LightPropagationVolumeEditor
CharacterAI
AudioCapture
FacialAnimationEditor
ImgMediaEditor
ExampleDeviceProfileSelector
GeometryCacheEd
OnlineSubsystemOculus
AutomationUtilsEditor
ProceduralMeshComponent
Paper2D
PaperTiledImporter
PlatformCryptoBCrypt
OculusEditor
TcpMessaging
AlembicLibrary
RuntimePhysXCooking
ActorSequence
ImgMedia
AndroidMediaFactory
OnlineSubsystemUtils
OculusHMD
AnimationSharingEd
OnlineSubsystem
"
51,众神之旅汉化版_Journey_of_The_Gods_1.0.479431,Journey of the Gods,Unreal,https://www.turtlerockstudios.com/privacy-policy,NUL,NUL,NUL,NUL,NUL,NUL,"OnlineSubsystemNull
GeometryCacheEd
AndroidDeviceProfileSelectorRuntime
CableComponent
GeometryCacheSequencer
AssetManagerEditor
OnlineSubsystemOculus
EditorExtensions
SmartSnapping
OnlineBlueprintSupport
ProceduralMeshComponent
Paper2D
TurtleRockCommon
ProductivityPlugin
MaterialEffects
PaperTiledImporter
CustomMeshComponent
ExampleDeviceProfileSelector
AndroidDeviceProfileSelector
TRSVR
OculusEditor
AudiokineticTools
GeometryCacheTracks
LinearTimecode
EditableMesh
AISupportModule
RuntimePhysXCooking
OculusInput
ActorSequence
MobilePatchingUtils
PaperSpriteSheetImporter
AkAudio
GeometryCache
ObservationSystem
ProceduralMeshComponentEditor
MeshEditor
CharacterAI
PolygonModeling
MatineeToLevelSequence
Paper2DEditor
OnlineSubsystemUtils
TurtleRockAssetManager
OculusHMD
AndroidPermission
OnlineSubsystem
"
52,会计风云_Accounting+_v1.24.35.35,Accounting+,Unity,https://crowscrowscrows.com/privacy/,4,6,0,4,7,0,NUL
53,传奇猎人VR_Legendary_Hunter_v1.5.5,Legendary Hunter VR,Unreal,http://frozen-dreams.com/privacy/,NUL,NUL,NUL,NUL,NUL,NUL,"OpenExrWrapper
AppleImageUtilsBlueprintSupport
GeometryCacheSequencer
PlatformCryptoSwitch
AlembicImporter
SmartSnapping
ArchVisCharacter
AndroidMoviePlayer
AndroidMediaEditor
CustomMeshComponent
AudioCaptureEditor
GoogleCloudMessaging
LocationServicesBPLibrary
ActorSequenceEditor
AutomationUtils
UdpMessaging
OculusMR
DatasmithContentEditor
GeometryCache
WebMMediaFactory
PlatformCrypto
SteamShared
AnimationSharing
OnlineSubsystemGooglePlay
OnlineBlueprintSupport
AppleImageUtils
VariantManagerContentEditor
SignificanceManager
PhysXVehicles
NetcodeUnitTest
AndroidDeviceProfileSelector
EditableMesh
AISupportModule
ImgMediaFactory
OculusInput
UObjectPlugin
PaperSpriteSheetImporter
ProceduralMeshComponentEditor
Paper2DEditor
PlatformCryptoOpenSSL
AndroidPermission
AndroidMedia
WebMMediaEditor
OnlineSubsystemNull
FacialAnimation
CableComponent
AndroidDeviceProfileSelectorRuntime
PhysXVehiclesEditor
LightPropagationVolumeRuntime
MediaCompositingEditor
BackChannel
AssetManagerEditor
PlatformCryptoTypes
ScreenshotTools
VariantManagerContent
GeometryCacheTracks
DatasmithContent
WebMMedia
MobilePatchingUtils
MediaCompositing
LightPropagationVolumeEditor
CharacterAI
AudioCapture
FacialAnimationEditor
ImgMediaEditor
ExampleDeviceProfileSelector
GeometryCacheEd
OnlineSubsystemOculus
AutomationUtilsEditor
AssetTags
ProceduralMeshComponent
Paper2D
PaperTiledImporter
OnlineSubsystemSteam
PlatformCryptoBCrypt
OculusEditor
TcpMessaging
AlembicLibrary
RuntimePhysXCooking
ActorSequence
ImgMedia
AndroidMediaFactory
OnlineSubsystemUtils
OculusHMD
AnimationSharingEd
OnlineSubsystem
"
54,传播_天堂酒店_Propagation_Paradise_Hotel_v1.2.2.39,Propagation: Paradise Hotel,Unreal,https://www.propagation-vr.com/privacy-policy.html,NUL,NUL,NUL,NUL,NUL,NUL,"817320: No main.obb.png
"
55,体育争夺战汉化版_Sports_Scramble_v1.0.88,Sports Scramble,Unreal,https://armature.com/games/sports-scramble/privacy-policy/,NUL,NUL,NUL,NUL,NUL,NUL,"817320: No main.obb.png
"
56,你好邻居_Hello_Neighbor_v1.110705.1019,Hello Neighbor: Search and Rescue,Unreal,https://www.tinybuild.com/privacy-policy,NUL,NUL,NUL,NUL,NUL,NUL,"817320: No main.obb.png
"
57,使命X_魔趣网_MissionX_[1],Mission XVR,Unreal,https://missionxvr.com/privacy,NUL,NUL,NUL,NUL,NUL,NUL,"OpenExrWrapper
OptionalMobileFeaturesBPLibrary
AppleImageUtilsBlueprintSupport
Synthesis
GeometryCacheSequencer
AlembicImporter
MotoSynth
SmartSnapping
ArchVisCharacter
OculusHMD
NiagaraEditorWidgets
AndroidMoviePlayer
AndroidMediaEditor
CustomMeshComponent
AudioCaptureEditor
GoogleCloudMessaging
NiagaraEditor
VaRestEditor
ActorSequenceEditor
LocationServicesBPLibrary
GeometryCacheStreamer
AutomationUtils
UdpMessaging
PluginUtils
FractureEditor
PlanarCut
DatasmithContentEditor
GeometryCache
WebMMediaFactory
OculusMR
PlatformCrypto
NiagaraShader
NiagaraAnimNotifies
MeshPaintingToolset
AnimationSharing
BspMode
ChaosClothEditor
MotoSynthEditor
ChaosNiagara
VaRest
OnlineSubsystemGooglePlay
OnlineBlueprintSupport
AppleImageUtils
AdvancedSessions
VariantManagerContentEditor
SignificanceManager
PhysXVehicles
AndroidDeviceProfileSelector
EditableMesh
ChaosCloth
TemplateSequence
AISupportModule
ImgMediaFactory
OculusInput
SynthesisEditor
PropertyAccessEditor
UObjectPlugin
PaperSpriteSheetImporter
ProceduralMeshComponentEditor
SpeedTreeImporter
MeshConversion
GooglePADEditor
Paper2DEditor
PlatformCryptoOpenSSL
AndroidPermission
AndroidMedia
WebMMediaEditor
LevelSequenceEditor
OnlineSubsystemNull
FacialAnimation
WebBrowserWidget
CableComponent
AndroidDeviceProfileSelectorRuntime
PhysXVehiclesEditor
GeometricObjects
GeometryMode
LightPropagationVolumeRuntime
ActorLayerUtilities
MediaCompositingEditor
BackChannel
AssetManagerEditor
PlatformCryptoTypes
ScreenshotTools
VariantManagerContent
AudioSynesthesiaCore
GeometryAlgorithms
AudioSynesthesiaEditor
GeometryCacheTracks
DatasmithContent
NiagaraCore
EnvironmentQueryEditor
WebMMedia
ActorLayerUtilitiesEditor
AudioSynesthesia
MobilePatchingUtils
GooglePAD
MediaCompositing
LightPropagationVolumeEditor
CharacterAI
AudioCapture
FacialAnimationEditor
ImgMediaEditor
ExampleDeviceProfileSelector
Niagara
ExrReaderGpu
GeometryCacheEd
AutomationUtilsEditor
AssetTags
ProceduralMeshComponent
Paper2D
PaperTiledImporter
ChunkDownloader
PlatformCryptoBCrypt
OculusEditor
DynamicMesh
AlembicLibrary
MeshPaintEditorMode
TextureAlignMode
RuntimePhysXCooking
ActorSequence
NiagaraVertexFactories
ImgMedia
TemplateSequenceEditor
AndroidMediaFactory
SoundFields
MatineeToLevelSequence
OnlineSubsystemUtils
TcpMessaging
AnimationSharingEd
OnlineSubsystem
"
58,使命召唤VR_Contractors_[3.9.160],Contractors,Unreal,https://www.contractorsvr.com/privacy,NUL,NUL,NUL,NUL,NUL,NUL,"918324: Error
"
59,侏罗纪世界_Jurassic_World_Aftermath_Collection_v3.15.36617,Jurassic World Aftermath Collection,Unity,https://coatsink.com/privacy-policy,19,14,30,140,3,4,NUL
60,俄罗斯方块效应_Tetris_Effect-_Connected_v2.0.2.154,TetrisÃÅ½ Effect: Connected,Unreal,https://www.tetriseffect.game/privacy-policy-and-user-agreement/,NUL,NUL,NUL,NUL,NUL,NUL,"817320: No main.obb.png
"
61,俄罗斯转盘_Bullet_Roulette_Peaceful_Edition_v1.05.15,Bullet Roulette: Peaceful Edition,Unity,https://249724.selcdn.ru/public/privacy_policy_for_fibrum_updated.pdf,12,20,12,214,44,2,NUL
62,保护方舟_ARK_and_ADE_v1.2.59,ARK and ADE Demo,Unreal,https://www.castelloinc.it/wp-content/uploads/2021/09/Castello-inc-Privacy-Policy.pdf,NUL,NUL,NUL,NUL,NUL,NUL,"817320: No main.obb.png
"
63,保持通话_Keep_Talking_and_Nobody_Explodes_v1.9.22.59,Keep Talking and Nobody Explodes,Unity,https://keeptalkinggame.com/privacy-policy/,35,16,3,28,36,3,NUL
64,修复_搏击的快感汉化中文版_The_Thrill_Of_The_Fight_v220526.1.220526100,The Thrill of the Fight,Unity,https://www.sealostinteractive.com/totf-privacy-policy.html,-1,-1,-1,-1,-1,-1,NUL
65,修布利斯_Hubris_v1.04.17,Hubris,Unreal,https://hubrisvr.com/PrivacyOculus/,NUL,NUL,NUL,NUL,NUL,NUL,"817320: No main.obb.png
"
66,倾斜的刷子汉化版_Tilt_Brush_[23.2-28f36f08b],MultiBrush,Unity,https://www.rendever.com/multibrush/privacy,10,11,8,0,1,5,NUL
67,停车场模拟器汉化中文版_Car_Parking_Simulator_[1.7.2.12],Car Parking Simulator,Unity,https://docs.google.com/document/d/1D6BNfGb6atkqQcC0nfnctZJA78mcOWpeP5nuttz7Wlw/edit,11,6,10,57,21,0,NUL
68,像素僵尸_Voxel_Shot_[1.0.0.2],Voxel Shot VR,Unity,https://mbaas.api.nifcloud.com/2013-09-01/applications/XNj6SpRsQrbS9i95/publicFiles/agreement_all.html,7,6,4,101,35,1,NUL
69,像素射击_Shooty_Skies_Overdrive_v1.10.85270.85270,Shooty Skies Overdrive,Unity,https://shootyskiesoverdrive.com/privacy/index.html,5,3,10,9,0,12,NUL
70,僵尸爆头_Zombieland_-Headshot_Fever_v1.7.0.2835,Zombieland: Headshot Fever,Unity,https://www.xrgames.io/privacy-policy-and-terms-of-service,0,0,0,0,0,0,NUL
71,元宇宙商务_ENGAGE_3.2.1714,Liminal - Relax. Unwind. Engage. Explore.,Unity,https://liminalvr.com/privacy-statement/,42,75,31,147,90,46,NUL
72,光之旅团_The_Light_Brigade_v478.478,The Light Brigade,Unity,https://funktroniclabs.com/legal,0,0,0,0,0,0,NUL
73,光剑节奏汉化中文版_Beat_Saber_v1.31.0_5257753291.770,Beat Saber,Unity,https://www.meta.com/legal/quest/beat-saber-privacy-policy/?utm_source=www.oculus.com&utm_medium=dollyredirect,-1,-1,-1,-1,-1,-1,NUL
74,共和国_Rpublique_v1.3.244441,RÄÅ publique VR,Unity,https://camouflaj.com/republique-privacy-policy/,0,0,2,12,9,0,NUL
75,农场家园汉化版_Morels_HomesteadV1_v2.03.72,Morels: Homestead,Unreal,https://morelshomestead.com/privacy-policy-3/,NUL,NUL,NUL,NUL,NUL,NUL,"817320: No main.obb.png
"
76,冲击第一天汉化版本_Shift-shock_Day_One_v1.0,Shift-shock: Day One,Unreal,https://darkmattermediallc.wixsite.com/shift-shock-day-one/blank-3,NUL,NUL,NUL,NUL,NUL,NUL,"817320: No main.obb.png
"
77,初音未来VR_Hatsune_Miku_v3.01.10,Hatsune Miku VR,Unity,https://komodo.jp/,2,0,3,1,4,0,NUL
78,剃刀党_Peaky_Blinders_v23.04.27.22752,Peaky Blinders: The King's Ransom,Unity,https://www.maze-theory.com/legal/#privacy,15,54,6,184,24,7,NUL
79,前进_Onward_v1.0.10439,Onward,Unity,https://www.downpourinteractive.com/privacy-policy.html,104,87,14,196,166,15,NUL
80,剑与魔法_Blade_and_Sorcery_Nomad_v0.12.2.284,Blade & Sorcery: Nomad,Unity,https://www.warpfrog.com/privacy-policy,0,1,0,0,0,0,NUL
81,剑客VR_Swordsman_v1.79.180,Swordsman,Unreal,https://sinnstudio.com/privacy-policy/,NUL,NUL,NUL,NUL,NUL,NUL,"817320: No main.obb.png
"
82,动漫工作室汉化中文_RiBLA_Studio_2.2,Modulia Studio,Unity,https://www.modulia-studio.com/privacy-policy/,16,3,3,37,63,12,NUL
83,动物保护者汉化版_ZOOKEEPER_Blast_Quest_[0.15.1.142],Thor: Bridgekeeper,Unity,https://juanlam.com/privacy/,11,1,13,93,25,1,NUL
84,勇敢者汉化版_Braver_v4.1.80_zipaligned,BraVeR,Unity,https://braver-app.com/pages/privacy-policy,16,5,5,61,16,4,NUL
85,千万别碰_Please_Dont_Touch_Anything_v2.2.1394,"Please, Don't Touch Anything",Unity,https://forwardxp.com/privacy-policy/,4,2,3,72,7,1,NUL
86,半径之内_Into_The_Radius_v2.6.3.136532,Into the Radius,Unreal,https://cm.games/privacy-policy/,NUL,NUL,NUL,NUL,NUL,NUL,"817320: No main.obb.png
"
87,半神计划_Project_Demigod_v0.23.2.389,Project Demigod - Demo,Unity,https://www.omnifariousstudios.com/privacy-policy,16,52,12,385,154,38,NUL
88,卓佛拯救宇宙汉化中文版_Trover_[1.0.21],Trover Saves the Universe,Unreal,https://squanchgames.com/privacy-policy/,NUL,NUL,NUL,NUL,NUL,NUL,"817320: No main.obb.png
"
89,单板滑雪_Carve_Snowboarding_v1.09.585,Carve Snowboarding,Unreal,https://www.chuhailabs.com/privacy,NUL,NUL,NUL,NUL,NUL,NUL,"817320: No main.obb.png
"
90,卡冈都亚之剑_Swords_of_Gargantua_v2.2.1.40007,SWORDS of GARGANTUA,Unreal,https://www.thirdverse.io/en/privacy-policy,NUL,NUL,NUL,NUL,NUL,NUL,"817320: No main.obb.png
"
91,卡坦岛汉化版_Catan_[1.1.837.11837],Catan VR,Unity,http://www.experiment7.com/privacy,14,10,17,133,48,1,NUL
92,卡莉与雷普曼_Carly_and_the_Reaperman_v1.22.124755,Carly and the Reaperman,Unity,https://carlyandthereaperman.com/privacy-policy/,4,8,8,106,5,13,NUL
93,危机之旅2_Crisis_Brigade_2_reloaded_v1.97.97,Crisis Brigade 2 reloaded,Unity,https://crisisbrigade.com/eula.html?v=2,3,26,6,98,35,8,NUL
94,危险触电_Danger_Electric_Shock_v1.0.3,DANGER: ELECTRIC SHOCK,Unreal,https://redream-studio.jimdosite.com/privacy-policy/,NUL,NUL,NUL,NUL,NUL,NUL,"OpenExrWrapper
AppleImageUtilsBlueprintSupport
Synthesis
GeometryCacheSequencer
AlembicImporter
MotoSynth
SmartSnapping
ArchVisCharacter
OculusHMD
NiagaraEditorWidgets
AndroidMoviePlayer
AndroidMediaEditor
CustomMeshComponent
AudioCaptureEditor
GoogleCloudMessaging
NiagaraEditor
LocationServicesBPLibrary
ActorSequenceEditor
GeometryCacheStreamer
AutomationUtils
UdpMessaging
PluginUtils
FractureEditor
PlanarCut
DatasmithContentEditor
GeometryCache
WebMMediaFactory
OculusMR
PlatformCrypto
NiagaraShader
NiagaraAnimNotifies
MeshPaintingToolset
AnimationSharing
BspMode
ChaosClothEditor
MotoSynthEditor
ChaosNiagara
OnlineSubsystemGooglePlay
OnlineBlueprintSupport
AppleImageUtils
VariantManagerContentEditor
SignificanceManager
PhysXVehicles
AndroidDeviceProfileSelector
EditableMesh
ChaosCloth
TemplateSequence
AISupportModule
ImgMediaFactory
OculusInput
SynthesisEditor
PropertyAccessEditor
UObjectPlugin
PaperSpriteSheetImporter
ProceduralMeshComponentEditor
SpeedTreeImporter
MeshConversion
GooglePADEditor
Paper2DEditor
PlatformCryptoOpenSSL
AndroidPermission
AndroidMedia
WebMMediaEditor
LevelSequenceEditor
OnlineSubsystemNull
FacialAnimation
CableComponent
AndroidDeviceProfileSelectorRuntime
PhysXVehiclesEditor
GeometricObjects
GeometryMode
LightPropagationVolumeRuntime
ActorLayerUtilities
MediaCompositingEditor
BackChannel
AssetManagerEditor
PlatformCryptoTypes
ScreenshotTools
VariantManagerContent
AudioSynesthesiaCore
GeometryAlgorithms
AudioSynesthesiaEditor
GeometryCacheTracks
DatasmithContent
NiagaraCore
EnvironmentQueryEditor
WebMMedia
ActorLayerUtilitiesEditor
AudioSynesthesia
MobilePatchingUtils
GooglePAD
MediaCompositing
LightPropagationVolumeEditor
CharacterAI
AudioCapture
EpicLeaderboard
FacialAnimationEditor
ImgMediaEditor
ExampleDeviceProfileSelector
Niagara
ExrReaderGpu
GeometryCacheEd
OnlineSubsystemOculus
AutomationUtilsEditor
AssetTags
ProceduralMeshComponent
Paper2D
PaperTiledImporter
ChunkDownloader
PlatformCryptoBCrypt
OculusEditor
DynamicMesh
AlembicLibrary
MeshPaintEditorMode
TextureAlignMode
RuntimePhysXCooking
ActorSequence
NiagaraVertexFactories
ImgMedia
TemplateSequenceEditor
AndroidMediaFactory
SoundFields
MatineeToLevelSequence
OnlineSubsystemUtils
TcpMessaging
AnimationSharingEd
OnlineSubsystem
"
95,原始狩猎_Primal_Hunt_v0.0.15_2023_02_13_24920.1611,Primal Hunt,Unity,https://www.phaserlock.com/legal,25,70,14,239,59,19,NUL
96,又一个渔夫的故事_Another_Fishermans_Tale_v1.078.51,Another Fisherman's Tale,Unreal,https://vertigo-games.com/privacy-policy/,NUL,NUL,NUL,NUL,NUL,NUL,"817320: No main.obb.png
"
97,反击部队汉化版_Reflex_Unit_2_[4.3.403],REFLEX UNIT 2,Unity,https://www.robosarugames.com/privacy,5,5,8,24,13,0,NUL
98,反恐精英汉化中文版_Pavlov_0.96.1,Pavlov Shack Beta,Unreal,http://cdn.pavlov-vr.com/privacy_policy.html,NUL,NUL,NUL,NUL,NUL,NUL,"918324: Error
"
99,台球池汉化版本_Black_Hole_Pool_v2.3.3,Black Hole Pool,Unity,https://gamend.io/pp/bhp_pp.html,13,2,7,69,20,6,NUL
100,史诗过山车_Epic_Roller_Coasters_v7.1.80.5182,Epic Roller Coasters,Unity,https://b4t.games/pp/,6,12,10,75,16,5,NUL
101,合成骑士汉化版_Synth_Riders_[2.3.12.a19.352],Synth Riders,Unity,https://synthridersvr.com/privacy-policy,15,25,60,230,56,2,NUL
102,命中流拳击_Hitstream_v1.04b.652,Hitstream,Unity,https://hitstream.games/privacypolicy,11,1,6,55,22,0,NUL
103,命运抉择_Mortal_and_Monster_[1.5],Mortal and Monster,Unity,https://www.privacypolicies.com/live/ed3e0079-f83d-4472-bb14-96c5ebd5d6fd,11,2,15,75,25,0,NUL
104,和风前奏曲_Zephyrus_Prelude_v3.1,Zephyrus Prelude,Unity,https://mageloop.com/PrivacyPolicy2/,11,5,7,73,15,0,NUL
105,咕嚕米的眼睛_Gloomy_Eyes_v40.40,"Creed: Rise to Glory - Championship EditionÃ¢Â?""Immerse yourself in the pulse-pounding excitement of boxing with the cinematic thrill of a blockbuster movie",Unity,urvios,27,3,14,58,17,0,NUL
106,回到库尔干斯克汉化中文版_Return_To_Kurgansk_[1.1.0.0.313],Return to Kurgansk,Unity,https://legal.gaijin.net/privacypolicy,13,7,12,90,38,23,NUL
107,国家地理汉化中文版_National_Geographic_Explore_v1.2.1.674692,Occupational Safety and Health for Electricians,Unreal,https://www.digitalengineeringmagic.com/privacy-policy/,NUL,NUL,NUL,NUL,NUL,NUL,"817320: No main.obb.png
"
108,国际象棋_Chess_Club_v1.8.13.10813,Chess Club,Unity,https://chessclubvr.com/privacy-policy/,0,0,0,7,0,0,NUL
109,图书馆_Librarium_v131.131,Imagination Library,Unity,omer Simpson did an app.,2,11,10,133,18,3,NUL
110,圣殿之眼_Eye_of_the_Temple_v1.360.360,Eye of the Temple,Unity,https://eyeofthetemple.com/privacypolicy.html,1,2,7,15,3,0,NUL
111,在_中学习语言_Learn_Languages_by_Mondly_v6.2.7.60472,Language Lab,Unity,https://www.languagelabvr.com/privacy-policy,3,1,1,31,6,0,NUL
112,地下世界汉化中文版_Ancient_Dungeon_[ea0.1.3.6.99],Ancient Dungeon Beta,Unreal,http://erthu.de/pp_advr.html,NUL,NUL,NUL,NUL,NUL,NUL,"918324: Error
"
113,坠落死亡_Drop_Dead_The_Cabin_v1.1.3.8514,Drop Dead: The Cabin,Unity,https://soulassembly.com/privacy-policy/,4,37,10,187,62,4,NUL
114,城市怪兽汉化版_BlockBuster_v1.3.1_81,"Creed: Rise to Glory - Championship EditionÃ¢Â?""Immerse yourself in the pulse-pounding excitement of boxing with the cinematic thrill of a blockbuster movie",Unreal,urvios,NUL,NUL,NUL,NUL,NUL,NUL,"OpenExrWrapper
AppleImageUtilsBlueprintSupport
ModelingOperators
Synthesis
GeometryCacheSequencer
TakeTrackRecorders
AlembicImporter
MotoSynth
SmartSnapping
ArchVisCharacter
OculusHMD
NiagaraEditorWidgets
AndroidMoviePlayer
AndroidMediaEditor
CustomMeshComponent
AudioCaptureEditor
DataprepEditorScriptingUtilities
GoogleCloudMessaging
NiagaraEditor
OpenXRHandTracking
TakeMovieScene
LocationServicesBPLibrary
ActorSequenceEditor
GeometryCacheStreamer
AutomationUtils
OpenXREyeTracker
UdpMessaging
OnlineSubsystem
PluginUtils
FractureEditor
PlanarCut
DatasmithContentEditor
GeometryCache
WebMMediaFactory
OculusMR
PlatformCrypto
PolygonModeling
NiagaraShader
OodleNetworkHandlerComponent
NiagaraAnimNotifies
MeshPaintingToolset
AnimationSharing
ModelingToolsEditorMode
TakeRecorder
BspMode
OpenXRHMD
ChaosClothEditor
MotoSynthEditor
OpenXREditor
ChaosNiagara
ProxyLODMeshReduction
OnlineSubsystemGooglePlay
MeshModelingTools
OnlineBlueprintSupport
AppleImageUtils
VariantManagerContentEditor
SignificanceManager
StylusInput
PhysXVehicles
GameplayCameras
LiveLinkMovieScene
FMODStudio
AndroidDeviceProfileSelector
EditableMesh
EditorScriptingUtilities
ChaosCloth
TemplateSequence
AISupportModule
FMODStudioEditor
ImgMediaFactory
ImgMediaEngine
OculusInput
SynthesisEditor
PropertyAccessEditor
UObjectPlugin
CameraShakePreviewer
TakeRecorderSources
PaperSpriteSheetImporter
ProceduralMeshComponentEditor
LiveLinkGraphNode
SpeedTreeImporter
MeshConversion
MeshModelingToolsEditorOnly
GooglePADEditor
Paper2DEditor
TakesCore
PlatformCryptoOpenSSL
AndroidPermission
AndroidMedia
WebMMediaEditor
LevelSequenceEditor
LiveLink
OnlineSubsystemNull
FacialAnimation
CableComponent
AndroidDeviceProfileSelectorRuntime
PhysXVehiclesEditor
GeometricObjects
GeometryMode
LightPropagationVolumeRuntime
DataprepCore
ActorLayerUtilities
MediaCompositingEditor
BackChannel
AssetManagerEditor
PlatformCryptoTypes
PythonScriptPluginPreload
OculusScene
ScreenshotTools
VariantManagerContent
LiveLinkSequencer
AudioSynesthesiaCore
GeometryAlgorithms
AudioSynesthesiaEditor
GeometryCacheTracks
DatasmithContent
NiagaraCore
EnvironmentQueryEditor
WebMMedia
ActorLayerUtilitiesEditor
AudioSynesthesia
MobilePatchingUtils
OculusOpenXRHMD
GooglePAD
MediaCompositing
PythonScriptPlugin
BlastAuthoring
OculusAnchors
LightPropagationVolumeEditor
CharacterAI
LiveLinkComponents
TakeSequencer
AudioCapture
FacialAnimationEditor
ImgMediaEditor
ExampleDeviceProfileSelector
LiveLinkEditor
Niagara
ModelingOperatorsEditorOnly
ExrReaderGpu
BlastCore
ModelingComponents
GeometryCacheEd
OculusMovement
OnlineSubsystemOculus
OpenXRInput
AutomationUtilsEditor
AssetTags
ProceduralMeshComponent
Paper2D
PaperTiledImporter
ChunkDownloader
PlatformCryptoBCrypt
OculusEditor
OpenXRAR
DataprepEditor
DataprepLibraries
AlembicLibrary
DynamicMesh
MeshPaintEditorMode
TextureAlignMode
RuntimePhysXCooking
ActorSequence
NiagaraVertexFactories
ImgMedia
TemplateSequenceEditor
AndroidMediaFactory
MeshEditor
SoundFields
MatineeToLevelSequence
OnlineSubsystemUtils
TcpMessaging
OculusEyeTracker
AnimationSharingEd
OodleDataCompressionFormat
"
115,城镇叠叠乐_Townscaper_v1.2.0.41,Townscaper VR,Unreal,https://rawfury.com/privacy-policy/,NUL,NUL,NUL,NUL,NUL,NUL,"918324: Error
"
116,墙来了_OhShape_v2.1.2.000.20102,OhShape,Unity,https://ohshapevr.com/privacy-policy/,3,12,3,114,2,0,NUL
117,增强帝国Augmented_Empire_[1.0.102-S8],Lyte Demo,Unity,https://drive.google.com/file/d/1PeiU0MLpR8u9R19y8MDpVGQmAnau9u8D/view,21,15,34,8,5,1,NUL
118,墨之韵_You_Calligrapher_[1.02.3],You Calligrapher,Unity,http://luciidream.artsnode.com/privacypolicy/,1,3,1,32,6,0,NUL
119,墨者_Sairento_Untethered_v1.9.5.223,Sairento VR : Untethered,Unity,https://www.mixedrealms.com/privacy-policy/,18,42,25,338,78,9,NUL
120,复古都市的秘密_Retropolis_v0.7.16,The Secret of Retropolis Demo,Unity,https://www.peanutbutton.net/privacy,14,23,5,105,53,0,NUL
121,多合一运动_All-In-One_Sports_v0.9.3.37,All-In-One Sports VR,Unity,https://www.appnori.com/policy,17,54,32,223,36,2,NUL
122,多米诺游戏_Gadgeteer_v1.1.3.90,Gadgeteer,Unity,https://metanautvr.com/privacypolicy/,0,5,6,1,14,6,NUL
123,大富豪杀人事件_MYSPERYENCE_[2.00.32],MYSPERYENCE,Unity,https://characterbank.atlassian.net/wiki/external/292454401/MGUzNjRjMTEyZjFlNDFlNjhlMjQ5NmYzMmM2YzJkM2M,3,21,1,29,41,0,NUL
124,大師狂想曲_Missing_Pictures_Abel_Ferrara_0.6.15,"The Twilight ZoneÃ¢Â?""We invite you to face your fears in a disturbing and mind-bending series of adventures... all taking place within The Twilight ZoneÃ¢Â? This game features elements of stealth",Unity,ttp://www.TwilightZoneVR.com/,15,1,3,40,41,1,NUL
125,大球星篮球汉化中文版_Big_Ballers_Basketball_,VReps Basketball,Unity,https://vreps.us/privacy-policy/,25,18,6,127,25,1,NUL
126,大鼓摇滚_Drums_Rock_v1.049.79,Drums Rock,Unity,https://www.garage51.es/drumsrock/privacy_policy.html,11,1,7,54,15,1,NUL
127,天镜_王国乱斗_Skyworld_Kingdom_Brawl_v1.7.9141.44,Skyworld: Kingdom Brawl,Unity,https://vertigo-games.com/privacy-policy/,2,14,19,168,7,15,NUL
128,太极汉化中文版_Guided_Tai_Chi_[1.2.35],Richie's Plank Experience,Unity,https://toast.games/privacypolicy,23,17,10,82,23,8,NUL
129,太空人城_Spacefolk_City_v1.19.28_(4b971cb01),Spacefolk City,Unity,https://beyondframes.com/privacy-policy/,3,6,8,86,17,14,NUL
130,太空冒险汉化中文版_SpaceTeam_v1.1.5005,Spaceteam VR,Unreal,https://www.coopinnovations.co.uk/privacy/,NUL,NUL,NUL,NUL,NUL,NUL,"817320: No main.obb.png
"
131,太空尽头_End_Space_v1.0.6.1.26,End Space,Unity,http://endspacevr.com/privacy-policy/,5,3,3,22,3,0,NUL
132,太空频道5_Space_Channel_5_v1.0.3.68514,Space Channel 5 VR Kinda Funky News Flash!,Unity,https://sc5-vr.com/en/privacy,36,11,8,118,65,15,NUL
133,太鼓狂潮汉化版_Taiko_Frenzy_0.3.3,Taiko Frenzy,Unity,https://www.glitchr-studio.com/wp-content/uploads/2023/02/Taiko-Frenzy-Privacy-Policy-2023.pdf,3,1,5,38,6,0,NUL
134,奇妙创通关_Sam_and_Max_This_Time_Its_Virtual_v1.0.2.247,Sam and Max: This Time It's Virtual!,Unity,https://happygiant.com/terms-of-service,17,24,9,131,27,1,NUL
135,奇幻丛林_Wonderglade_v1.10.140462,Thunder Gladiator - Fighting Game,Unity,https://skippyapps.com/privacy.html,21,9,3,51,22,1,NUL
136,奎恩拳击汉化中文版_Creed_Rise_to_Glory_[1.299994],"Creed: Rise to Glory - Championship EditionÃ¢Â?""Immerse yourself in the pulse-pounding excitement of boxing with the cinematic thrill of a blockbuster movie",Unreal,urvios,NUL,NUL,NUL,NUL,NUL,NUL,"817320: No main.obb.png
"
137,奥术黑客_Arcaxer_v1.43.42.208,Arcaxer,Unity,https://arcaxer.com/privacy-policy/,10,14,21,66,9,6,NUL
138,奥迪卡汉化中文版_Audica_v1.0.3.3.131779801_Signed,AUDICA,Unity,http://www.harmonixmusic.com/privacy,15,2,28,24,8,0,NUL
139,女王骑士_The_Knight_of_Queen_v1.2.6.10260,THE KNIGHT OF QUEEN,Unity,https://www.vrrpginc.com/en/privacy_policy,11,0,4,15,8,0,NUL
140,学习语言_Mondly_Practice_Languages_in_[5.0.2.50002],Baseball Practice,Unity,https://gurglurator.com/privacyPolicy.asp,12,2,4,48,21,0,NUL
141,学习辅导VR_MageVR_v1.6.0.5,MageVR,Unity,https://www.yumpu.com/en/document/view/65574907/magevr-user-privacy-policy,19,33,9,88,64,0,NUL
142,宇宙海盗_Space_Pirate_Trainer_Quest_v1.965.1965,Space Pirate Trainer DX,Unity,https://i-illusions.com/privacy,36,21,54,156,93,23,NUL
143,宇宙的节奏_Rhythm_of_the_Universe_Ionia_[23.0.11133],The Rhythm of the Knight,Unreal,https://www.voxel-arch.com/privacy-policy/,NUL,NUL,NUL,NUL,NUL,NUL,"817320: No main.obb.png
"
144,宇宙的节奏_Rhythm_of_the_Universe_Ionia_v23.0.11133,The Rhythm of the Knight,Unreal,https://www.voxel-arch.com/privacy-policy/,NUL,NUL,NUL,NUL,NUL,NUL,"817320: No main.obb.png
"
145,宇宙空间_2000_Interkosmos_2000_v1.63.114,Interkosmos 2000,Unreal,https://ovidworks.com/privacy-policy/,NUL,NUL,NUL,NUL,NUL,NUL,"817320: No main.obb.png
"
146,宇宙空间战_End_Space_v1.0.6.1.26,End Space,Unity,http://endspacevr.com/privacy-policy/,5,3,3,22,3,0,NUL
147,守护者前线_Guardians_v1.2.0.421,Guardians Frontline,Unity,http://virtualage.io/privacy-policy-guardians,14,47,27,216,73,3,NUL
148,守望先锋_Larcenauts_v1.42211.138540,Larcenauts,Unreal,https://www.impulsegear.com/privacy-policy,NUL,NUL,NUL,NUL,NUL,NUL,"817320: No main.obb.png
"
149,宗_Zong_v1.21,Zong,Unity,https://zongvr.net/policy,16,1,6,52,17,0,NUL
150,宝丽星辰_Poly_Star_v1.0.17,Poly Star VR,Unreal,http://www.newmatic.kr/ko/privacy_policy/privacy_policy.php,NUL,NUL,NUL,NUL,NUL,NUL,"349203: No .uplugin file
"
151,宠物岛屿汉化版_Little_Island_1.0,Little Island,Unity,https://studionayuta.jp/privacy-policy.html,10,7,0,39,3,0,NUL
152,家居设计汉化中文版_Home_Design_3D_v2.1.56.2669,Home Detective,Unity,https://www.davidaddis.com/?page_id=61616,14,7,16,102,23,5,NUL
153,密室逃脱_Deus_Ex_Machina_Episode_1_v1.5.5,Deus Ex Machina: Episode 1,Unreal,https://looksten9.blogspot.com/2022/01/privacy-policy-of-looksten-incdeus-ex.html,NUL,NUL,NUL,NUL,NUL,NUL,"817320: No main.obb.png
"
154,密室逃脱_Flow_Weaver_v2.1.51,Flow Weaver,Unity,https://www.gamesbystitch.com/flow-weaver/privacy,11,9,20,199,25,34,NUL
155,射击模拟_Shooting_Therapy_[0.2],Shooting Therapy,Unity,https://www.shootingtherapy.com/terms-of-service,10,6,10,25,10,0,NUL
156,射击球_Pangman_v1.1.16,Pangman DEMO,Unity,https://www.ivanovichgames.com/privacy.html,20,2,11,54,21,1,NUL
157,小发明生成器汉化中文版_Gizmo_Builder_0.1.0.1338,Molecule Builder,Unity,https://www.xennialdigital.com/privacy/,15,8,13,88,20,1,NUL
158,小台球汉化中文版_small_Pool_v9,Small Pool,Unity,https://mrsmallpool.wixsite.com/small-pool/privacy-policy,2,7,5,23,6,0,NUL
159,小土豆大冒险_Kartoffl_v1.0.013.244,Kartoffl - Demo,Unity,https://breachvr.com/privacy/kartoffl/,6,5,0,25,2,0,NUL
160,小城市汉化版_Little_Cities_[1.1.3.63],Little Cities,Unity,https://ndreams.com/privacy-policy#privacy-policy,12,9,9,91,16,4,NUL
161,小文冒险汉化_Ven_Adventure_[1.39],Dungeon Adventure(Hand Tracking),Unity,http://43.135.146.122:8888/privacy.html,10,52,22,178,85,13,NUL
162,小老鼠历险记_Moss_v1.0.0.22600.22600,Moss: Book II,Unreal,https://www.polyarcgames.com/privacy,NUL,NUL,NUL,NUL,NUL,NUL,"817320: No main.obb.png
"
163,小老鼠奎尔_2_Moss_Book_II_v1.0.3.91028,Moss: Book II,Unreal,https://www.polyarcgames.com/privacy,NUL,NUL,NUL,NUL,NUL,NUL,"817320: No main.obb.png
"
164,小魔女学院汉化版_Little_Witch_v1.2.0.707,Little Witch Academia: VR Broom Racing,Unity,https://lwa-vr.com/privacy-policy/,12,31,189,172,111,12,NUL
165,尖端计划汉化中文版_Apex_Construct_v56.0.56,Apex Construct,Unity,https://www.fasttravelgames.com/privacy-policy/,23,42,15,240,52,8,NUL
166,尤皮特格勒_2_Yupitergrad_2_v1.1.0.27,Yupitergrad 2: The Lost Station,Unity,https://gamedust.co/privacy-policy,-1,-1,-1,-1,-1,-1,NUL
167,层层恐惧_Layers_of_Fear_v2.0.36,Layers of Fear VR,Unity,.88 GB,35,41,29,391,121,10,NUL
168,屠夫之家汉化中文版_Butcher_v1.1,House of the Butcher,Unity,https://raptorsreality.com/privacypolicy.html,17,12,7,58,23,4,NUL
169,崩溃之地汉化版Crashland_[1.01.66],Crashland,Unity,https://www.crashlandvr.com/privacy,74,31,9,213,34,1,NUL
170,左轮轮盘_Bullet_Roulette_v1.2.4,Bullet Roulette: Peaceful Edition,Unity,https://249724.selcdn.ru/public/privacy_policy_for_fibrum_updated.pdf,18,21,21,210,52,2,NUL
171,巨蛇狂奔_Snakes_Roam_[2.2],SnakeÃ¢ÂÂs roam,Unity,https://quarkmarslab.com/privacypolicy.html,14,6,8,120,30,0,NUL
172,巫师华尔兹汉化版_Waltz_of_the_Wizard_Natural_Magic_[2.1.3.633],Waltz of the Wizard,Unity,https://www.aldin.io/privacy-policy,18,44,0,123,19,0,NUL
173,布莱尔女巫_Blair_Witch_v1.46.49,Blair Witch: Oculus Quest Edition,Unreal,https://blairwitchgame.com/docs/privacy-policy,NUL,NUL,NUL,NUL,NUL,NUL,"817320: No main.obb.png
"
174,帝国时代_Deisim_v1.40.106,Deisim,Unity,https://www.myronsoftware.com/privacy/deisim-privacy-policy.html,1,1,1,31,15,0,NUL
175,幸运的小狐狸汉化版_Luckys_Tale_[1.0.54.43],Lucky's Tale,Unity,https://playfulstudios.com/terms/#privacypolicy,31,30,14,44,47,12,NUL
176,幸运鱼面包_LuckyFishBread_v0.1.2.18,Lucky Fish Bread,Unity,http://visuallight.kr/notice/?vid=6&ckattempt=1,11,4,4,60,15,19,NUL
177,幻影行动_Phantom_Covert_Ops_[1.1],Phantom: Covert Ops,Unreal,https://ndreams.com/privacy-policy#privacy-policy,NUL,NUL,NUL,NUL,NUL,NUL,"817320: No main.obb.png
"
178,幽灵_遗忘来世_Wraith_The_Oblivion_Afterlife_v1.0.108,Wraith: The Oblivion - Afterlife,Unreal,https://www.fasttravelgames.com/privacy-policy/,NUL,NUL,NUL,NUL,NUL,NUL,"817320: No main.obb.png
"
179,幽灵信号_Ghost_Signal_v1.1.0.309,Ghost Signal: A Stellaris Game,Unity,https://www.fasttravelgames.com/privacy-policy,0,11,0,27,1,3,NUL
180,幽灵巨人汉化中文版_Ghost_Giant_[1.0.32],Ghost Giant,Unity,https://thunderfulgames.com/privacy-policy/,0,0,6,3,2,4,NUL
181,庄园惊魂_AFFECTED_The_Manor_(Re-Visited)_v1.3.85,AFFECTED: The Manor - Complete Edition,Unity,https://www.fallenplanetstudios.com/privicy-policy/,14,13,14,56,22,0,NUL
182,建造城市_Cities_v1.00.502.502,Cities: VR,Unity,https://fasttravelgames.com/privacy-policy,2,7,15,68,30,4,NUL
183,建造火车_TrainerVR_v2.2.3,TrainerVR,Unity,https://sumalab.com/trainervr/eula.html,18,6,7,97,15,0,NUL
184,弓箭吃鸡_HiBow_V0.8.0.1,Hibow,Unity,https://chesstar.com/hibowprivacy.html,127,200,38,519,233,9,NUL
185,引导冥想_Guided_Meditation_Quest_v1.5.53.201553,Ethereal Land Meditation,Unity,https://shufeishu.com/privacy-policy.html,31,19,8,63,34,3,NUL
186,弩车之战_Ballista_v20.42,BallisticVR,Unreal,https://www.eyefork.com/privacy-policy,NUL,NUL,NUL,NUL,NUL,NUL,"817320: No main.obb.png
"
187,强盗六号_BanditSix_v1.1.0.130,Band Space,Unity,https://thesmartmelon.com/privacy_en,34,1,6,9,1,1,NUL
188,强窃危机_Crisis_igade_v1.30.30,Crisis VRigade,Unity,http://crisisvrigade.com/eula.html,12,10,12,103,15,8,NUL
189,彩虹六号_Breachers_v11.5.6.1665,Breachers,Unity,https://www.breachersvr.com/privacy-policy/,0,0,0,0,0,0,NUL
190,彩虹反应堆：聚变_Rainbow_Reactor_Fusion_v1.0.39,Rainbow Reactor: Fusion,Unreal,http://tunermaxx.com/privacy-policy/,NUL,NUL,NUL,NUL,NUL,NUL,"918324: Error
"
191,影子谜题_Silhouette_v1.0.6.75,Silhouette,Unity,https://beyondframes.com/privacy-policy/,11,1,7,40,14,0,NUL
192,征服巨人汉化版_DvG_Conquering_Giants_[1.3.4.39],DvG : Conquering Giants Demo,Unity,https://dvgthegame.com/privacy,4,8,2,85,39,1,NUL
193,征服恐惧汉化版_Face_Your_Fears_2_[1.0.487009.487009],"The Twilight ZoneÃ¢Â?""We invite you to face your fears in a disturbing and mind-bending series of adventures... all taking place within The Twilight ZoneÃ¢Â? This game features elements of stealth",Unreal,ttp://www.TwilightZoneVR.com/,NUL,NUL,NUL,NUL,NUL,NUL,"817320: No main.obb.png
"
194,御风飞行1汉化版_Windlands_v1.4.3.43,Windlands,Unity,http://www.windlands.com/privacy/,13,3,7,42,20,0,NUL
195,心脏病医学汉化中文版VR_Fetal_Heart_2021_2.04,Fetal Heart VR,Unity,https://mwusoftware.com/privacy-policy/,12,6,7,89,22,0,NUL
196,忍者传说汉化版_Ninja_Legends_1.0.1068,Ninja Legends,Unity,https://playcoinflip.com/privacy-policy/,11,16,13,200,52,2,NUL
197,忍者圆盘_Disc_Ninja_Q.1071.1071,Disc Ninja,Unity,https://immersion.games/game-privacy-policy,5,5,7,60,14,0,NUL
198,快乐厨房_Cook-Out_v1.14.220773,Cook-Out,Unity,https://www.resolutiongames.com/privacy,3,18,37,82,38,3,NUL
199,怪兽_KAIJU_MONSTER_v1.6,KAIJU MONSTER VR,Unity,https://vraar.pl/privacy_policy/,7,2,0,25,2,0,NUL
200,怪士奇谭汉化中文_Ayakashikitan_1.000.6,AYAKASHI KITAN,Unity,https://www.nsmweb.com/privacy-policy/,6,31,3,33,46,0,NUL
201,恐怖大厅_Dreadhalls_v1.6.19.10619,Dreadhalls,Unity,http://www.whitedoorgames.com/privacy.html,11,10,70,73,29,0,NUL
202,恐怖逃生_Cosmodread_v1.0.0.28.10028,Cosmodread,Unity,http://www.whitedoorgames.com/privacy.html,6,13,29,51,25,1,NUL
203,恐怖领主_Grimlord_v0.3.0.3440,Grimlord Free Demo,Unreal,https://www.kylinhall.com/privicy-policy-grimlord,NUL,NUL,NUL,NUL,NUL,NUL,"349203: No .uplugin file
"
204,恶狼行动_回归_Operation_Wolf_Returns_First_Mission_0.27.27,Operation Warcade Demo,Unity,https://www.ivanovichgames.com/privacy.html,6,0,3,0,4,0,NUL
205,愤怒的小鸟汉化中文版_Angry_Birds_Isle_of_Pigs_[3.5.100058],Angry Birds VR: Isle of Pigs,Unity,https://www.resolutiongames.com/privacy,6,6,5,35,6,1,NUL
206,我希望你死_I_Expect_You_to_Die_v1.1.174681,I Expect You To Die,Unity,https://iexpectyoutodie.schellgames.com/privacy-policy,19,10,12,166,25,0,NUL
207,我的世界_app-debug_(1),Nanome AppLab,Unreal,https://nanome.ai/terms/,NUL,NUL,NUL,NUL,NUL,NUL,"766212: no libUE4.so
817320: No main.obb.png
"
208,战地行动_Operation_Warcade_[1.4.23],Operation Warcade Demo,Unity,https://www.ivanovichgames.com/privacy.html,26,6,5,126,20,1,NUL
209,战壕_WarchasmOQ_v1.0.40,Warchasm,Unreal,https://defectivepenguin.com/warchasm-privacy-policy/,NUL,NUL,NUL,NUL,NUL,NUL,"OpenExrWrapper
AppleImageUtilsBlueprintSupport
Synthesis
GeometryCacheSequencer
AlembicImporter
MotoSynth
SmartSnapping
ArchVisCharacter
OculusHMD
NiagaraEditorWidgets
AndroidMoviePlayer
AndroidMediaEditor
CustomMeshComponent
AudioCaptureEditor
GoogleCloudMessaging
NiagaraEditor
LocationServicesBPLibrary
ActorSequenceEditor
GeometryCacheStreamer
AutomationUtils
UdpMessaging
PluginUtils
FractureEditor
PlanarCut
DatasmithContentEditor
GeometryCache
WebMMediaFactory
OculusMR
PlatformCrypto
NiagaraShader
NiagaraAnimNotifies
MeshPaintingToolset
AnimationSharing
BspMode
ChaosClothEditor
MotoSynthEditor
ChaosNiagara
OnlineSubsystemGooglePlay
OnlineBlueprintSupport
AppleImageUtils
VariantManagerContentEditor
SignificanceManager
PhysXVehicles
AndroidDeviceProfileSelector
EditableMesh
ChaosCloth
TemplateSequence
AISupportModule
ImgMediaFactory
OculusInput
SynthesisEditor
PropertyAccessEditor
UObjectPlugin
PaperSpriteSheetImporter
ProceduralMeshComponentEditor
SpeedTreeImporter
MeshConversion
ApexDestructionEditor
GooglePADEditor
Paper2DEditor
PlatformCryptoOpenSSL
AndroidPermission
AndroidMedia
WebMMediaEditor
LevelSequenceEditor
OnlineSubsystemNull
FacialAnimation
CableComponent
AndroidDeviceProfileSelectorRuntime
PhysXVehiclesEditor
GeometricObjects
GeometryMode
LightPropagationVolumeRuntime
ActorLayerUtilities
MediaCompositingEditor
BackChannel
AssetManagerEditor
PlatformCryptoTypes
ScreenshotTools
VariantManagerContent
FeedbackFileEditor
AudioSynesthesiaCore
GeometryAlgorithms
AudioSynesthesiaEditor
GeometryCacheTracks
DatasmithContent
NiagaraCore
EnvironmentQueryEditor
WebMMedia
ActorLayerUtilitiesEditor
AudioSynesthesia
ApexDestruction
MobilePatchingUtils
GooglePAD
MediaCompositing
LightPropagationVolumeEditor
CharacterAI
AudioCapture
FacialAnimationEditor
ImgMediaEditor
ExampleDeviceProfileSelector
Niagara
ExrReaderGpu
GeometryCacheEd
AutomationUtilsEditor
AssetTags
AssetsCleaner
ProceduralMeshComponent
Paper2D
PaperTiledImporter
ChunkDownloader
PlatformCryptoBCrypt
OculusEditor
DynamicMesh
AlembicLibrary
HapticsManager
MeshPaintEditorMode
TextureAlignMode
RuntimePhysXCooking
ActorSequence
NiagaraVertexFactories
ImgMedia
TemplateSequenceEditor
ForceTubeVRForUE4
AndroidMediaFactory
SoundFields
MatineeToLevelSequence
OnlineSubsystemUtils
TcpMessaging
AnimationSharingEd
OnlineSubsystem
"
210,战斗团体汉化版_BattleGroupVR_v29.29,BattleGroupVR,Unity,https://spaceowl.games/privacy-policy/,1,10,11,14,7,8,NUL
211,战斗天赋_BattleTalent_v3.1.29,Battle Talent Demo,Unity,https://cydream.tech/privacy.html,67,47,25,557,263,53,NUL
212,战斗艺术_Art_of_Combat_1.0.2d.9,Art of Combat (Demo),Unity,https://frogandskull.com/privacy-policy,4,6,1,75,9,0,NUL
213,战机_太平洋战争_Warplanes_Battles_over_Pacific_v1.3.0.6.1306,Warplanes: Battles over Pacific,Unity,https://www.homenetgames.com/privacy-policy-vr/,15,14,7,44,24,1,NUL
214,战机大战_Warplanes_WW1_Fighters_v4.2.4200,Warplanes: WW1 Fighters,Unity,https://www.homenetgames.com/privacy-policy-vr/,15,12,7,46,21,1,NUL
215,战锤40K汉化中文版_Warhammer_40K_Battle_Sister_[1.2.3.15451051],"Warhammer 40,000: Battle Sister",Unity,https://pixeltoys.com/privacy-policy,20,31,18,208,62,9,NUL
216,战锤_西格玛时代_Warhammer_Age_of_Sigmar_Tempestfall_v1.32.28,Warhammer Age of Sigmar: Tempestfall,Unreal,https://tempestfall.com/privacypolicy/,NUL,NUL,NUL,NUL,NUL,NUL,"817320: No main.obb.png
"
217,房产达人_House_Flipper_v9.5.95,HouseFlipper VR,Unity,https://frozendistrict.com/privacy-policy.html,4,3,14,69,8,0,NUL
218,手枪鞭汉化中文_Pistol_Whip_v1.5.61.50.1774,Pistol Whip,Unreal,https://www.cloudheadgames.com/privacy-policy,NUL,NUL,NUL,NUL,NUL,NUL,"918324: Error
"
219,打僵尸双重打击汉化版_Drop_Dead_Dual_Strike_v1.5.1.1733232053_zipaligned,Drop Dead: Dual Strike Edition,Unity,https://soulassembly.com/privacy-policy,8,40,16,97,40,10,NUL
220,扔东西砸僵尸_ThrowAnything_v1.0.7,Throw Anything Demo,Unity,http://visuallight.kr/notice/?vid=6&ckattempt=1,11,1,10,71,14,1,NUL
221,投篮机_JUST_HOOPS_v1.3.66.182,JUST HOOPS,Unity,https://realcast.io/privacy/,110,44,1,43,17,3,NUL
222,抵抗VR_Resist_v1.0.197.197,Resist,Unity,https://thebinarymill.com/privacy.php,0,15,6,79,11,7,NUL
223,拯救公司2汉化中文版_Floor_Plan_2_[1.0.2.7.125],Floor Plan 2,Unity,https://www.turbo-button.com/privacy,11,21,29,174,51,2,NUL
224,拼图巡游汉化中文版_Puzzling_Places_v1.52.85,Puzzling Places,Unreal,https://www.realities.io/privacy-policy,NUL,NUL,NUL,NUL,NUL,NUL,"349203: No .uplugin file
"
225,挖掘机VR汉化版_重機でGo_[1.0],Slap Fighting Champion,Unity,http://initiumstudio.com/privacypolicy.html,24,8,8,43,32,4,NUL
226,挖洞者2_CaveDigger2_v1.1.12.8.100497,Cave Digger 2: Dig Harder,Unity,https://vrkiwi.org/what-vr/eula-privacy-policy/,6,16,52,104,26,6,NUL
227,挥动球拍_kanoid_v1.2.50,VRkanoid,Unity,https://sites.google.com/view/vrkanoid/privacy-policy?authuser=0,11,2,8,73,15,9,NUL
228,掉进兔子洞_Down_the_Rabbit_Hole_v01.03.430,Down the Rabbit Hole,Unity,https://downtherabbitholegame.com/eula/,42,14,21,106,17,1,NUL
229,搭便车_Hitchhiker_A_Mystery_Game_v1.0.94.42,HitchHiker: A Mystery Game,Unity,https://versusevil.com/privacy/,21,1,7,64,28,15,NUL
230,摇曳露营_Laid-Back_Camp_Virtual_Lake_Motosu_v1.2.0.5,Laid-Back Camp - Virtual - Lake Motosu,Unity,http://www.gemdrops.co.jp/privacy_en.html,9,3,0,0,10,1,NUL
231,摇曳露营本栖湖篇_Laid-Back_Camp_Virtual_Lake_Motosu_[1.0.0.3],Laid-Back Camp - Virtual - Lake Motosu,Unity,http://www.gemdrops.co.jp/privacy_en.html,9,3,0,0,10,1,NUL
232,攀岩2_汉化中文版_The_Climb_2_v2.2.974,The Climb 2,Unreal,https://www.theclimbgame.com/privacy,NUL,NUL,NUL,NUL,NUL,NUL,"766212: no libUE4.so
817320: No main.obb.png
"
233,方块主义_cubism_v1.6.1.234,Cubism,Unity,https://www.cubism-vr.com/privacypolicy,14,18,9,124,55,9,NUL
234,无界术士_The_Wizards_v1.11.14,The Wizards - Dark Times,Unreal,https://darktimesgame.com/wp-content/uploads/2021/04/DT-Privacy-Policy.pdf,NUL,NUL,NUL,NUL,NUL,NUL,"817320: No main.obb.png
"
235,无界术士：黑暗时代_The_Wizards_Dark_Times_v1.13.13,The Wizards - Dark Times,Unreal,https://darktimesgame.com/wp-content/uploads/2021/04/DT-Privacy-Policy.pdf,NUL,NUL,NUL,NUL,NUL,NUL,"817320: No main.obb.png
"
236,无限雷兹_Rez_Infinite_v41.0.41,Rez Infinite,Unreal,https://rezinfinite.com/privacy-policy/,NUL,NUL,NUL,NUL,NUL,NUL,"817320: No main.obb.png
"
237,时间边缘_神秘博士汉化中文版_Doctor_Who_The_Edge_of_Time_[368],Doctor Who The Edge of Time,Unity,https://playstack.com/terms-and-conditions/,56,30,13,277,69,4,NUL
238,星球大战1_Vader_Immortal_Episode_I_v1.1.1+667256.cl.387770,Deus Ex Machina: Episode 1,Unreal,https://looksten9.blogspot.com/2022/01/privacy-policy-of-looksten-incdeus-ex.html,NUL,NUL,NUL,NUL,NUL,NUL,"817320: No main.obb.png
"
239,星球大战2_Vader_Immortal_Episode_2_v2.0.3+667261.cl.387778,Deus Ex Machina: Episode 1,Unreal,https://looksten9.blogspot.com/2022/01/privacy-policy-of-looksten-incdeus-ex.html,NUL,NUL,NUL,NUL,NUL,NUL,"817320: No main.obb.png
"
240,星球大战3_Vader_Immortal_Episode_3_v3.0.3+667263.cl.387932,Deus Ex Machina: Episode 1,Unreal,https://looksten9.blogspot.com/2022/01/privacy-policy-of-looksten-incdeus-ex.html,NUL,NUL,NUL,NUL,NUL,NUL,"817320: No main.obb.png
"
241,星球大战_弹球VR汉化版_Star_Wars_Pinball_v1.3.10737,Star WarsÃ¢Â?Pinball VR,Unreal,https://zenstudios.com/privacy-policy/,NUL,NUL,NUL,NUL,NUL,NUL,"817320: No main.obb.png
"
242,星球大战_银河边缘的故事_汉化中文版_Star_Wars_Tales_from_the_Galaxys_Edge_v1.1.8+680758.cl.398603,Star Wars: Tales from the Galaxy's Edge,Unreal,https://privacy.thewaltdisneycompany.com/en/,NUL,NUL,NUL,NUL,NUL,NUL,"817320: No main.obb.png
"
243,星际萨满_Star_Shaman_v13.0.1,Star Shaman,Unity,http://starshaman.games/Star_shaman_EULA.html,11,3,14,130,19,2,NUL
244,暗影点汉化版_Shadow_Point_[1.1.43],Shadow Point,Unity,https://coatsink.com/privacy-policy,51,35,16,96,2,6,NUL
245,暗影门矿山汉化版_Shadowgate_The_Mines_of_Mythrok_[0.0.31],Shadowgate VR: The Mines of Mythrok,Unity,https://www.zojoi.com/privacy-policy/,17,5,14,75,36,23,NUL
246,暴走甲壳虫_Thumper_v1.00.25,Thumper,Unreal,https://thumpergame.com/tos-and-privacy-policy,NUL,NUL,NUL,NUL,NUL,NUL,"766212: no libUE4.so
817320: No main.obb.png
"
247,最后一个工人_The_Last_Worker_v1.0.8.10000008,The Last Worker,Unity,https://wiredproductions.com/privacy-policy/,41,55,17,181,87,20,NUL
248,最后的迷宫_Last_Labyrinth_[1.02.34],Last Labyrinth,Unity,https://amata.games/en/support/privacypolicy/,21,32,15,72,85,19,NUL
249,月神_Luna_v8.8,Luna,Unity,https://www.funomena.com/privacy,16,12,6,76,16,2,NUL
250,机械世界汉化版_World_of_Mechs_v1.0.1044,World Of Mechs,Unreal,https://www.369.fun/privacy,NUL,NUL,NUL,NUL,NUL,NUL,"817320: No main.obb.png
"
251,机械重装汉化中文版_Robo_Recall_v1.0.47091,Robo Recall: Unplugged,Unreal,https://www.epicgames.com/site/en-US/privacypolicy,NUL,NUL,NUL,NUL,NUL,NUL,"817320: No main.obb.png
"
252,极限虚空赛车汉化版_Void_Racer_Extreme_[1.21.121],Void Racer: Extreme,Unity,http://coplanargames.com/voidracer/privacypolicy.html,0,6,10,9,13,0,NUL
253,枪械世界汉化版_Gun_World_v1.0.227,Gun World VR,Unreal,https://github.com/superdude12399/PrivacyPolicy,NUL,NUL,NUL,NUL,NUL,NUL,"817320: No main.obb.png
"
254,枪械俱乐部汉化中文版_Gun_Club_[1.2.93.51.291],Gun Club VR,Unity,https://www.thebinarymill.com/privacy.php,28,6,7,113,34,3,NUL
255,枪炮的故事_Guns_Stories_Bulletproof_[1.0.155],Guns'n'Stories: Bulletproof VR,Unreal,https://mirowin.com/privacy-policy/,NUL,NUL,NUL,NUL,NUL,NUL,"OpenExrWrapper
AppleImageUtilsBlueprintSupport
GeometryCacheSequencer
PlatformCryptoSwitch
AlembicImporter
SmartSnapping
ArchVisCharacter
OculusHMD
AndroidMoviePlayer
AndroidMediaEditor
CustomMeshComponent
AudioCaptureEditor
GoogleCloudMessaging
LocationServicesBPLibrary
ActorSequenceEditor
AutomationUtils
UdpMessaging
OculusMR
DatasmithContentEditor
GeometryCache
WebMMediaFactory
PlatformCrypto
PolygonModeling
AnimationSharing
ModelingToolsEditorMode
ProxyLODMeshReduction
OnlineBlueprintSupport
AppleImageUtils
VariantManagerContentEditor
SignificanceManager
PhysXVehicles
NetcodeUnitTest
AndroidDeviceProfileSelector
EditableMesh
EditorScriptingUtilities
AISupportModule
ImgMediaFactory
OculusInput
UObjectPlugin
PaperSpriteSheetImporter
ProceduralMeshComponentEditor
MeshConversion
ApexDestructionEditor
Paper2DEditor
PlatformCryptoOpenSSL
AndroidPermission
AndroidMedia
WebMMediaEditor
OnlineSubsystemNull
FacialAnimation
CableComponent
AndroidDeviceProfileSelectorRuntime
PhysXVehiclesEditor
GeometricObjects
MeshSolverUtilities
LightPropagationVolumeRuntime
DataprepCore
MediaCompositingEditor
BackChannel
AssetManagerEditor
PlatformCryptoTypes
ScreenshotTools
VariantManagerContent
GeometryAlgorithms
GeometryCacheTracks
DatasmithContent
WebMMedia
MobilePatchingUtils
ApexDestruction
MediaCompositing
BlastAuthoring
LightPropagationVolumeEditor
CharacterAI
AudioCapture
FacialAnimationEditor
ImgMediaEditor
ExampleDeviceProfileSelector
BlastCore
GeometryCacheEd
OnlineSubsystemOculus
AutomationUtilsEditor
AssetTags
ProceduralMeshComponent
Paper2D
PaperTiledImporter
PlatformCryptoBCrypt
OculusEditor
DataprepEditor
DataprepLibraries
AlembicLibrary
DynamicMesh
RuntimePhysXCooking
ActorSequence
ImgMedia
AndroidMediaFactory
MeshEditor
OnlineSubsystemUtils
TcpMessaging
AnimationSharingEd
OnlineSubsystem
"
256,格斗锦标赛_Grapple_Tournament_[0.27.51],Grapple Tournament Free,Unreal,https://www.grappletournament.com/newprivacy,NUL,NUL,NUL,NUL,NUL,NUL,"817320: No main.obb.png
"
257,模拟婴儿_Baby_Hands_v2.3.24,Baby Hands,Unity,https://chickenwaffle.com/baby-hands-privacy-policy/,0,0,0,0,0,0,NUL
258,模拟赛车驾驶_V-Speedway_1.1.0,V-Speedway,Unity,https://commuter.games/privacy/,0,6,0,13,3,0,NUL
259,模拟飞行2_Ultrawings_2_[1.0.15210335],Ultrawings 2,Unity,https://bitplanetgames.com/privacy-policy/,57,5,42,204,44,1,NUL
260,模拟飞行vrmoo.cn_Ultrawings_[2.02.422],Ultrawings 2,Unity,https://bitplanetgames.com/privacy-policy/,37,7,1,28,1,3,NUL
261,死亡地平线_Death_Horizon_Reloaded_[0.9.41.157],Death Horizon: Reloaded,Unity,http://deathhorizon.com/privacy-policy/,3,24,14,59,9,0,NUL
262,死亡效应2_汉化版_Dead_Effect_2_210517.1355,Dead Effect 2,Unity,https://www.deadeffectgame.com/files/privacypolicy_de2_mobile_en.pdf,12,44,11,250,60,7,NUL
263,死亡赛车汉化中文版_DeathLap_[9.36.926],Death Lap,Unreal,https://www.ozwe.com/privacy-policy/,NUL,NUL,NUL,NUL,NUL,NUL,"918324: Error
"
264,母舰_锻造_Mothergunship_v1.181.81,MOTHERGUNSHIP: FORGE,Unreal,https://www.terribleposture.com/privacy-policy/,NUL,NUL,NUL,NUL,NUL,NUL,"817320: No main.obb.png
"
265,气球枪手_Balloon_Gunner_v1.8.8,Balloon Gunner,Unreal,https://www.languagebug.com/games/Common/Privacy/PrivacyPolicyMobileApp.htm,NUL,NUL,NUL,NUL,NUL,NUL,"766212: no libUE4.so
817320: No main.obb.png
"
266,水下求生汉化版_FREEDIVER_Triton_Down_v1.0.20,FREEDIVER: Triton Down,Unreal,https://www.archiact.com/privacy-policy,NUL,NUL,NUL,NUL,NUL,NUL,"817320: No main.obb.png
"
267,水果射击汉化中文版_Shooty_Fruity_v1.2.30,Shooty Fruity,Unreal,https://ndreams.com/privacy-policy#privacy-policy,NUL,NUL,NUL,NUL,NUL,NUL,"766212: no libUE4.so
817320: No main.obb.png
"
268,水果忍者2_Fruit_Ninja_2_v1.9.3.655090,Fruit Ninja 2,Unity,https://www.halfbrick.com/vr-privacy-policy,12,14,14,175,25,1,NUL
269,水果忍者_Fruit_Ninja_v1.7.2.604322,Fruit Ninja,Unity,https://www.halfbrick.com/vr-privacy-policy,15,33,11,39,32,11,NUL
270,永恒星光汉化中文版_Eternal_Starlight_v1.4.784.784,Eternal Starlight,Unity,https://www.starlight-vr.com/pages/privacy.html,2,13,5,53,23,2,NUL
271,汽车修理工模拟器_Car_Mechanic_Simulator_v1.1.2.361,Car Mechanic Simulator,Unity,https://gameformatic.com/polityka-prywatnosci/,3,0,4,30,17,2,NUL
272,沉默之下汉化版_Lies_Beneath_v1.0-55578.55578,Lies Beneath,Unreal,https://driftergames.wpengine.com/privacy-policy/,NUL,NUL,NUL,NUL,NUL,NUL,"817320: No main.obb.png
"
273,泡泡龙VR汉化版_Puzzle_Bobble_Vacation_Odyssey_v1.0.300836,Puzzle Bobble VR: Vacation Odyssey,Unreal,https://survios.com/studio/privacy/,NUL,NUL,NUL,NUL,NUL,NUL,"817320: No main.obb.png
"
274,泰坦宇宙之旅_Titans_of_Space_PLUS_v1.1.77.77,BLINNK and the Vacuum of Space,Unity,https://www.changingday.com/privacy-blinnk/,-1,-1,-1,-1,-1,-1,NUL
275,泰山汉化版_TVR_1.0,SUPERHOT VR,Unity,https://superhotgame.com/privacy-policy,29,19,12,168,75,24,NUL
276,浪客_佣兵传说_Crimen_v1.1.1.19506,Crimen - Mercenary Tales,Unreal,https://www.carbonstudio.pl/wp-content/uploads/2023/03/Crimen-privacy-policy.pdf,NUL,NUL,NUL,NUL,NUL,NUL,"817320: No main.obb.png
"
277,浮动世界_Floating_World_v1.5.02.28,Floating World EA,Unreal,https://miyagames.mystrikingly.com/privacy-policy,NUL,NUL,NUL,NUL,NUL,NUL,"OpenExrWrapper
AppleImageUtilsBlueprintSupport
ChangeActorLevel
Synthesis
GeometryCacheSequencer
AlembicImporter
MotoSynth
SmartSnapping
ArchVisCharacter
OculusHMD
NiagaraEditorWidgets
AndroidMoviePlayer
OculusAudioEditor
AndroidMediaEditor
CustomMeshComponent
AudioCaptureEditor
GoogleCloudMessaging
NiagaraEditor
LocationServicesBPLibrary
ActorSequenceEditor
GeometryCacheStreamer
AutomationUtils
UdpMessaging
PluginUtils
FractureEditor
PlanarCut
DatasmithContentEditor
GeometryCache
WebMMediaFactory
OculusMR
PlatformCrypto
NiagaraShader
NiagaraAnimNotifies
MeshPaintingToolset
AnimationSharing
BspMode
ChaosClothEditor
MotoSynthEditor
ChaosNiagara
OnlineBlueprintSupport
AppleImageUtils
AdvancedSessions
VariantManagerContentEditor
SignificanceManager
PhysXVehicles
AndroidDeviceProfileSelector
EditableMesh
ChaosCloth
TemplateSequence
AISupportModule
ImgMediaFactory
OculusInput
SynthesisEditor
PropertyAccessEditor
UObjectPlugin
PaperSpriteSheetImporter
ProceduralMeshComponentEditor
SpeedTreeImporter
MeshConversion
OculusPlatformBP
GooglePADEditor
Paper2DEditor
PlatformCryptoOpenSSL
AndroidPermission
AndroidMedia
WebMMediaEditor
LevelSequenceEditor
OnlineSubsystemNull
FacialAnimation
CableComponent
AndroidDeviceProfileSelectorRuntime
PhysXVehiclesEditor
GeometricObjects
GeometryMode
LightPropagationVolumeRuntime
ActorLayerUtilities
MediaCompositingEditor
BackChannel
AssetManagerEditor
PlatformCryptoTypes
ScreenshotTools
VariantManagerContent
AudioSynesthesiaCore
GeometryAlgorithms
AudioSynesthesiaEditor
GeometryCacheTracks
DatasmithContent
NiagaraCore
EnvironmentQueryEditor
WebMMedia
ActorLayerUtilitiesEditor
AudioSynesthesia
MobilePatchingUtils
OculusOpenXRHMD
GooglePAD
MediaCompositing
LightPropagationVolumeEditor
CharacterAI
AudioCapture
FacialAnimationEditor
ImgMediaEditor
ExampleDeviceProfileSelector
Niagara
ExrReaderGpu
GeometryCacheEd
OnlineSubsystemOculus
AutomationUtilsEditor
AssetTags
ProceduralMeshComponent
Paper2D
PaperTiledImporter
ChunkDownloader
OculusAudio
PlatformCryptoBCrypt
OculusEditor
DynamicMesh
AlembicLibrary
MeshPaintEditorMode
TextureAlignMode
RuntimePhysXCooking
ActorSequence
NiagaraVertexFactories
ImgMedia
TemplateSequenceEditor
AndroidMediaFactory
SoundFields
MatineeToLevelSequence
OnlineSubsystemUtils
TcpMessaging
AnimationSharingEd
OnlineSubsystem
"
278,海上花园_Garden_of_the_Sea_v1.006009.338,Garden of the Sea,Unity,69.6 MB,13,48,7,106,55,3,NUL
279,海之呼唤_Call_of_the_Sea_v2.1.2.0.155,Call of the Sea VR,Unreal,https://rawfury.com/privacy-policy/,NUL,NUL,NUL,NUL,NUL,NUL,"817320: No main.obb.png
"
280,海洋生存汉化中文版_OceanCraft_v0.10.108,OceanCraft,Unity,http://oceancraft-game.com/cookie-policy-eu/,1,6,8,24,5,4,NUL
281,海洋裂谷汉化中文版_Ocean_Rift_[1.68.55],Ocean Rift,Unity,https://www.crashlandvr.com/picselicaprivacypolicy,11,7,6,13,21,0,NUL
282,海盗旗之下_Under_The_Jolly_Roger_1.0.5,Under the Skin,Unity,https://ai.umich.edu/academic-innovation-website-privacy-policy/,10,5,0,29,12,0,NUL
283,涂鸦模拟器汉化版_Kingspray_Graffiti_[v71.5],Peaky Blinders: The King's Ransom,Unity,https://www.maze-theory.com/legal/#privacy,2,6,6,55,15,0,NUL
284,消失的恩典_Vanishing_Grace_v1.0.4.35,Vanishing Grace,Unreal,https://www.monteperdido.studio/privacy,NUL,NUL,NUL,NUL,NUL,NUL,"817320: No main.obb.png
"
285,消失的画像_Gone_Man_v2.04.204,Escape Room: Gone Man,Unity,http://gonemanvr.com/privacy-policy-official/,-1,-1,-1,-1,-1,-1,NUL
286,"消灭病毒_Virus_No_More_v1.3,5",VIRUS NO MORE,Unity,https://foxybanshee.netlify.app/privacypolicy,13,1,5,52,18,10,NUL
287,淤能碁吕物语_The_Tale_of_Onogoro_v1.1.0174,The Tale of Onogoro,Unity,https://amata.games/en/support/privacypolicy/,47,22,9,211,65,7,NUL
288,深林农场汉化版_Forest_Farm_[35.35],Forest Farm,Unity,https://tonicgamesaustralia.com/ForestFarm-privacypolicy.html,4,8,8,47,8,0,NUL
289,混战精英_Dogfight_Elite_v1.3.11.200864,Dogfight Elite,Unity,https://www.dogfightelite.com/index.php/forum/4-announcements/1058-privacy-policy-and-terms-of-use,8,16,8,57,47,2,NUL
290,渔夫的故事_A_Fishermans_Tale_v1.064.16,A Fisherman's Tale,Unreal,https://vertigo-games.com/privacy-policy/,NUL,NUL,NUL,NUL,NUL,NUL,"817320: No main.obb.png
"
291,游乐园_Fun_House_v1.1.2,Fun House,Unity,https://haiy8848.github.io/thefunhouse/privacy/,11,5,8,43,15,0,NUL
292,游乐设施_Rival_Rides_v0.321.50,Rival Rides,Unreal,https://www.rivalrides.com/zh/privacy,NUL,NUL,NUL,NUL,NUL,NUL,"817320: No main.obb.png
"
293,滑雪汉化版_Carve_Snowboarding_[1.08.562],Carve Snowboarding,Unreal,https://www.chuhailabs.com/privacy,NUL,NUL,NUL,NUL,NUL,NUL,"817320: No main.obb.png
"
294,演奏吉他_Unplugged_v1.5.410.410,Robo Recall: Unplugged,Unity,https://www.epicgames.com/site/en-US/privacypolicy,2,10,7,153,11,0,NUL
295,漫威的钢铁侠汉化中文版_Marvel_Iron_Man_0.1.0-250068,Marvel's Iron Man VR,Unity,https://camouflaj.com/privacy/,4,69,18,385,194,10,NUL
296,漫步_Wander_v0.3522,Shuttle Commander,Unity,https://engagevr.io/privacy-policy/,0,0,0,0,1,0,NUL
297,潜行射击1汉化中文版_Espire_1_Operative,Espire 1: VR Operative,Unreal,http://thelode.com.au/privacy-policy/,NUL,NUL,NUL,NUL,NUL,NUL,"817320: No main.obb.png
"
298,潜行射击_2_Espire_2_v1.0.31.6055,Espire 2: Stealth Operatives,Unreal,http://thelode.com.au/privacy-policy/,NUL,NUL,NUL,NUL,NUL,NUL,"817320: No main.obb.png
"
299,灯塔乐园_BeaconLand_V2.0.5,BeaconLand,Unity,97.8 MB,13,1,5,49,14,0,NUL
300,灵魂陨落_Until_You_Fall_v1.3.1.183083,Until You Fall,Unity,https://untilyoufall.schellgames.com/privacy-policy,2,40,20,111,35,0,NUL
301,炫光之剑汉化中文版_Ironlights_[157],Ironlights,Unity,https://play.google.com/store/apps/details?id=com.tinder,74,31,9,236,34,1,NUL
302,烟中之歌_Song_in_the_Smoke_v1.5.3.74,Song in the Smoke,Unreal,https://www.songinthesmoke.com/faq/privacy-policy-terms-service,NUL,NUL,NUL,NUL,NUL,NUL,"817320: No main.obb.png
"
303,烧烤保卫战_Beers_and_Boomerangs_v1.0.2.61,Beers and Boomerangs,Unity,https://beersandboomerangs.com/policy,0,0,0,16,1,0,NUL
304,热血拳击汉化中文_魔趣网_The_Thrill_of_the_Fight_[191009.3q],The Thrill of the Fight,Unity,https://www.sealostinteractive.com/totf-privacy-policy.html,21,17,8,67,23,10,NUL
305,烹饪模拟器VR_Cooking_Simulator_v1.4.1.10401,Cooking Simulator VR,Unity,https://gameboomvr.com/privacypolicy/,25,13,7,226,41,19,NUL
306,燃鼓英雄_Drums_Rock_v1.060.90,Drums Rock,Unity,https://www.garage51.es/drumsrock/privacy_policy.html,15,1,5,59,15,1,NUL
307,爆炸节拍_Blast_Beat_v1.0.1.22,Blast Beat,Unity,https://gzeal.co.jp/privacy_policy/privacy_policy/,4,8,0,15,3,0,NUL
308,牧师和哥布林汉化中文版_Cleric_and_Goblins_v1.8.21,Cleric and Goblins,Unity,ttps://www.oculus.com/experiences/quest/6121529404565492/?utm_source=oculusapplab.com&store=quest&item_id=6121529404565492&r=1,26,30,9,223,47,11,NUL
309,特工节奏_Pistol_Whip_v1.5.37.162,Pistol Whip,Unity,https://www.cloudheadgames.com/privacy-policy,5,16,13,43,17,2,NUL
310,狂怒乒乓球汉化版_Racket_Fury_Table_Tennis_[7.0.6.706],Racket Fury: Table Tennis VR,Unity,https://www.pixeledgegames.com/privacy-policy-games,6,19,7,27,13,2,NUL
311,狂热排球Volleyball_Fever_[1.5.1],Volleyball Fever,Unity,http://www.neuston.io/volleyball-fever-privacy-policy/,21,5,3,40,12,0,NUL
312,狙击精英_Sniper_Elite_v1.03.35713,Sniper Elite VR,Unity,https://rebellion.com/zh/privacy-policy/,28,47,8,169,135,8,NUL
313,狼与香辛料1_Spice_and_Wolf_v1.04.9,Spice & Wolf VR2,Unity,https://spicy-tails.net/privacy/privacy.html,24,26,0,26,11,6,NUL
314,狼与香辛料2_Spice_Wolf_2_[1.0.5],Spice & Wolf VR2,Unity,https://spicy-tails.net/privacy/privacy.html,16,6,0,24,9,3,NUL
315,玛雅潘汉化中文版_Mayapan_v1.22,Mayapan,Unity,https://www.quasarstudios.net/privacypolicy/vr-privacypolicy.html,11,1,5,46,15,0,NUL
316,玩具工厂_Fail_Factory_v1.0.57,Fail Factory!,Unreal,https://armature.com/games/failfactory/privacy-policy/,NUL,NUL,NUL,NUL,NUL,NUL,"OpenExrWrapper
AppleImageUtilsBlueprintSupport
OnlineSubsystemNull
FacialAnimation
GeometryCacheEd
AndroidDeviceProfileSelectorRuntime
CableComponent
PhysXVehiclesEditor
LightPropagationVolumeRuntime
GeometryCacheSequencer
AlembicImporter
MediaCompositingEditor
BackChannel
AssetManagerEditor
OnlineSubsystemOculus
SmartSnapping
AppleImageUtils
OnlineBlueprintSupport
ArchVisCharacter
ArmatureUtils
AndroidMoviePlayer
ProceduralMeshComponent
Paper2D
AppleVision
CryptoKeys
PhysXVehicles
VariantManagerContent
PaperTiledImporter
AndroidMediaEditor
NetcodeUnitTest
CustomMeshComponent
ExampleDeviceProfileSelector
AndroidDeviceProfileSelector
GoogleCloudMessaging
OculusEditor
GeometryCacheTracks
LinearTimecode
EditableMesh
AlembicLibrary
LocationServicesBPLibrary
AISupportModule
DatasmithContent
ImgMediaFactory
OculusInput
ActorSequence
RuntimePhysXCooking
UdpMessaging
MobilePatchingUtils
ApexDestruction
PaperSpriteSheetImporter
ImgMedia
MediaCompositing
OnlineSubsystem
DatasmithContentEditor
GeometryCache
OculusMR
ProceduralMeshComponentEditor
LightPropagationVolumeEditor
AppleVisionBlueprintSupport
MeshEditor
CharacterAI
AndroidMediaFactory
Firebase
PolygonModeling
ApexDestructionEditor
Paper2DEditor
OnlineSubsystemUtils
FacialAnimationEditor
OculusHMD
ImgMediaEditor
AndroidPermission
CryptoKeysOpenSSL
AndroidMedia
"
317,球体_SPHERES_v1.41.41,PlutoSphere,Unity,https://shell.pluto-api.com/#/privacy,18,32,13,140,21,4,NUL
318,球拍_Racket_Nx_v2.8.19.260,Racket: Nx,Unity,https://racketnx-public.s3.us-west-1.amazonaws.com/racket-nx-privacy.html,2,9,36,10,4,0,NUL
319,甜蜜冲击_Sweet_Surrender_v1.1221.1221,Sweet Surrender,Unity,https://www.salmi.de/privacy/,2,1,18,78,14,1,NUL
320,生化危机4_汉化中文版_Resident_Evil_4_v2.3.203,Resident Evil 4,Unreal,https://www.meta.com/legal/privacy-policy/?utm_source=www.oculus.com&utm_medium=oculusredirect,NUL,NUL,NUL,NUL,NUL,NUL,"817320: No main.obb.png
"
321,用火杀死它_Kill_it_with_Fire!_v1.0.5.3374,Kill It With Fire VR,Unreal,https://www.tinybuild.com/privacy-policy,NUL,NUL,NUL,NUL,NUL,NUL,"817320: No main.obb.png
"
322,电子像素_Pixel_Ripped_1995_v108.108,Pixel Ripped 1995,Unity,https://arvore.io/privacy-policy/,24,24,13,120,29,21,NUL
323,疯狂功夫训练_Crazy_Kung_Fu_v1.0.1.114,Crazy Kung Fu Demo,Unity,https://www.fieldof.vision/PrivacyPolicy.html,3,10,5,82,11,0,NUL
324,疯狂卡丁车_Karts-_Sprint_v3.05.22,VR Karts: Sprint,Unity,https://www.viewpointgames.co.uk/privacy,37,15,20,20,15,1,NUL
325,疯狂道场汉化中文版_Loco_Dojo_Unleashed_[94.94],Loco Dojo Unleashed,Unity,https://makereal.co.uk/privacy-policy-loco-dojo-unleashed/,33,40,20,199,88,8,NUL
326,疾驰摩托_RUNNER_1.0.77,Skwurl Runner,Unreal,https://atastymelon.github.io/pages/prpo.html,NUL,NUL,NUL,NUL,NUL,NUL,"918324: Error
"
327,监狱大佬VR_Prison_Boss_v1.6.0.16.37,Prison Boss VR,Unity,https://trebuchet.fun/prison-boss-vr-eula,1,3,1,27,0,0,NUL
328,盗窃危机_2_Crisis_igade_2_[1.5.76],Crisis VRigade,Unity,http://crisisvrigade.com/eula.html,12,27,7,107,37,15,NUL
329,盗窃逃亡_A_Rogue_Escape_v1.0.104,A Rogue Escape,Unity,https://armorgamesstudios.com/privacy,11,1,13,47,14,0,NUL
330,盾牌节奏_X-Fitness_v4.31.200125,X-Fitness,Unity,https://sites.google.com/view/x-fitness-privacy-policy/,12,9,5,70,15,0,NUL
331,真实乒乓球_Eleven_Table_Tennis_v0.270.23_2023.5.16.16.54.38.544,Eleven Table Tennis,Unity,https://elevenvr.com/en/privacy/,22,7,2,23,6,3,NUL
332,真实网球汉化版_CYBERTENNIS_for_Quest,CYBER TENNIS,Unity,https://www.cybertennis.jp/policy_eng.html,20,4,14,70,32,8,NUL
333,真实钓鱼_Real_Fishing_v2.492.600,Real VR Fishing,Unity,https://www.realvrfishing.com/eula-policy,19,6,27,98,22,6,NUL
334,真实钓鱼汉化_商店解锁版_Real_Vr_Fishing,Real VR Fishing,Unity,https://www.realvrfishing.com/eula-policy,33,12,40,96,16,15,NUL
335,眼镜蛇行动_OPERATION_SERPENS_v2.3.2300000,OPERATION SERPENS DEMO,Unity,https://thegrook.com/operation-serpens/privacy-policy/,9,8,10,48,27,0,NUL
336,破碎机装置_Sin_Breaker_Rig_v1.0.14,Sin Breaker Rig,Unreal,https://madturtle84.github.io/sbr.static/privacy,NUL,NUL,NUL,NUL,NUL,NUL,"817320: No main.obb.png
"
337,破裂剑术_ALTAIR_BREAKER,ALTAIR BREAKER,Unreal,https://www.thirdverse.io/ja/privacy-policy.html,NUL,NUL,NUL,NUL,NUL,NUL,"817320: No main.obb.png
"
338,神秘岛_Myst_v1.8.6.723,HitchHiker: A Mystery Game,Unreal,https://versusevil.com/privacy/,NUL,NUL,NUL,NUL,NUL,NUL,"817320: No main.obb.png
"
339,神秘的洞穴_Colossal_Cave_[0.07358.7358],Colossal Cave,Unity,https://www.colossalcave3d.com/privacy-policy/,3,49,35,67,17,11,NUL
340,神话法师汉化中文版_Mythic_Mage_v2.1.3.16,Mythic Mage,Unity,https://docs.google.com/document/d/10aIJbCE7sSdmNKTR-5PfX8bTVjyPkZ6BY2cwRRS9wGQ/edit#heading=h.52gwa9acpvcx,17,7,24,70,29,3,NUL
341,私人代理_Private_Agent_[1.3.5],Private Agent,Unity,https://hermitkrewz.wixsite.com/nottieworks/private-agent,15,2,8,45,19,0,NUL
342,秋天之后_After_the_Fall_v1.37240.41048,After the FallÃÅ½,Unity,https://vertigo-games.com/privacy-policy/,-1,-1,-1,-1,-1,-1,NUL
343,秒死_Dead_Second_v0.70.138,Dead Second,Unity,https://spungegames.com/privacy-policy/,22,11,6,90,56,19,NUL
344,空战1941_Wings1941_v101.101,Wings 1941,Unity,https://www.ztargames.com/zh/privacy,18,12,11,70,21,13,NUL
345,穿越_GoThruVR_2.3.8.77,GoThru,Unity,https://gothru.co/privacy_policy.php,11,3,8,44,15,0,NUL
346,笔触工作室汉化中文版_Brushwork_Studio_v.10e.146,Verto Studio VR,Unity,https://vertostudio.com/pub/legal_and_priv_policy_holo.pdf,12,1,6,92,18,10,NUL
347,第一人称网球_First_Person_Tennis_The_Real_Tennis_Simulator_v4.2.172,First Person Tennis - The Real Tennis Simulator,Unity,https://sites.google.com/view/fptprivacypolicy/home-page,12,1,11,31,23,0,NUL
348,第三只眼计划_ThirdEye_v0.035.26,Project Third Eye,Unity,https://sites.google.com/view/thirdeyevr/privacy-policy,15,5,0,53,37,0,NUL
349,箭族汉化中文版_–_中世纪射箭_Arrowhead_Medieval_Archery_v0.9.1,Arrowhead - Medieval Archery VR,Unity,https://kilogrames.com/arrowheadVR/privacy.html,0,2,0,23,4,2,NUL
350,粉碎鼓手VR_Smash_Drums_v3.3.0.2.238,Smash Drums Demo,Unity,http://www.smashdrums.com/privacy-policy/,83,28,18,81,38,13,NUL
351,精灵射手_Elven_Assassin_v1.6.0_OculusQuest.175,Elven Assassin,Unity,https://www.wenklystudio.com/privacypolicy,11,18,25,121,28,1,NUL
352,红色物质_2_Red_Matter_2_v1.0.009.55,Red Matter 2,Unreal,https://verticalrobot.com/privacy/,NUL,NUL,NUL,NUL,NUL,NUL,"817320: No main.obb.png
"
353,绊爱-触摸节拍_Kizuna_AI_Touch_the_Beat_v1.7.70,Kizuna AI - Touch the Beat!,Unity,https://activ8.co.jp/policy/,1,2,0,12,5,3,NUL
354,绘画模拟器汉化中文版_PaintingVr_v.62.71,"History Of A Painting - ""What's the point?""",Unity,https://www.historyofapainting.com/privacypolicy,11,7,7,123,23,0,NUL
355,维京时代_Ragnarock_v2.1.0.3459,Ragnarock,Unreal,https://www.ragnarock-game.com/privacy-policy,NUL,NUL,NUL,NUL,NUL,NUL,"817320: No main.obb.png
"
356,绿色地狱VR_Green_Hell_v1.3.3.259,Green Hell VR,Unity,https://incuvo.com/en/privacy-policy,3,9,1,233,22,6,NUL
357,网球赛汉化中文版_Tennis_League_v1.0.0.0.22,Tennis League VR,Unity,https://www.anothereality.io/tennis-league-vr-privacy-policy/,0,14,19,78,14,1,NUL
358,美国梦汉化版_The_American_Dream_[1.008.136],The American Dream,Unity,https://samuraipunk.com/american-dream-privacy,16,12,37,78,73,14,NUL
359,羽毛球_Badminton_1.0.2,Badminton,Unity,https://www.ketchappgames.com/privacy.html,11,3,7,43,16,0,NUL
360,老码头街机厅2_Pierhead_Arcade_2_v3.0.6.355,Pierhead Arcade Quest,Unity,https://mechabit.co.uk/privacy-policy/,11,3,9,122,15,5,NUL
361,自然之旅汉化版_Nature_Treks_v1.24,Nature Experience in Germany,Unity,https://www.privacypolicies.com/live/109c3b97-a20f-41ff-9348-5083c7acd53b,13,2,4,57,42,13,NUL
362,至死亡_In_Death_Unchained_v1.7.0.107163261,In Death: Unchained,Unreal,http://superbright.org/Privacy%20Policy.html,NUL,NUL,NUL,NUL,NUL,NUL,"817320: No main.obb.png
"
363,致命频率_Killer_Frequency_v1.0.767.38513,Killer Frequency,Unity,https://www.team17.com/privacy-policy/,0,2,6,30,35,0,NUL
364,舔狗模拟器_Chupa_Chupa_v2.0.1,Catch Up,Unity,https://www.termsfeed.com/live/38b2eec4-da3c-491d-b1ff-96b1d77faa70,27,4,10,76,44,16,NUL
365,舞蹈中心汉化中文版本_Dance_Central_v1.2.2.131786901,Dance Collider,Unreal,https://www.dancecollider.com/privacy,NUL,NUL,NUL,NUL,NUL,NUL,"817320: No main.obb.png
"
366,舞蹈之箭_Dancing_Arrow_v9.1.9,Dancing Arrow,Unity,https://geniesoft.io/pages/portfolio/dancing_arrow/privacy_policy.php,25,4,23,102,16,5,NUL
367,舞蹈对撞机汉化版_Dance_Collider_1.0,Dance Collider,Unity,https://www.dancecollider.com/privacy,120,42,11,47,47,5,NUL
368,色彩连接_ColourConnectVR_v2.1.1.66,Let's Connect VR,Unity,https://www.letsconnectvr.com/private-policy,4,0,2,25,6,0,NUL
369,节奏健身_Power_Beats_v267+3.6.2_R5359M.267,PowerBeatsVR,Unity,https://www.powerbeatsvr.com/privacy-policy/,2,6,5,32,8,3,NUL
370,节奏子弹_groovebullet,Bite the Bullet,Unity,https://sites.google.com/view/bite-the-bullet/home,0,0,0,0,0,0,NUL
371,节奏拳击_Box_v1.18.188,Mystery Box VR - Escape The Room,Unity,https://xsgames.co/privacy-policy.html,15,11,13,123,18,0,NUL
372,节奏矢量_AVICII_Invector_v1.58,AVICII Invector: Encore Edition,Unity,https://wiredproductions.com/privacy-policy/,0,6,3,0,2,0,NUL
373,花园_Fujii_v1.0.825,Fujii,Unity,https://funktroniclabs.com/legal,1,27,15,87,19,7,NUL
374,荣誉勋章_Mohab_v0.518.12297,Virtuoso - App Lab Version (No Longer Supported),Unreal,https://virtuoso-vr.com/privacy-policy,NUL,NUL,NUL,NUL,NUL,NUL,"817320: No main.obb.png
"
375,莱斯米尔斯体操_LES_MILLS_BODYCOMBAT_v1.5.03.10503,LES MILLS BODYCOMBAT,Unity,https://odderslab.com/bodycombat/privacy-policy/,3,1,6,35,6,0,NUL
376,虚拟天文馆_Star_Chart_v1.7.7.18529,Warchasm,Unity,https://defectivepenguin.com/warchasm-privacy-policy/,0,6,6,9,29,1,NUL
377,虚拟岛屿_The_Island_Odyssey!_Hi_Spec_v1.2.0.7.1207,Around The Island,Unity,https://saivrgames.blogspot.com/2021/05/aroundtheisland.html,1,5,5,2,2,0,NUL
378,虚拟格斗锦标赛_VFC_v30.41,Virtual Fighting Championship (VFC),Unity,https://www.vfcgame.com/privacy-statements,43,81,13,418,67,10,NUL
379,虚拟现实_2_汉化中文版_Virtual_Virtual_Reality_2_v1.607.363,Virtual Virtual Reality 2,Unity,http://tenderclaws.info/PrivacyPolicy.html,55,71,52,130,255,11,NUL
380,虚拟现实_Virtual_Virtual_Reality_v1.8.13.11,Virtual Virtual Reality,Unity,https://tenderclaws.info/PrivacyPolicy.html,54,13,4,53,18,6,NUL
381,虚拟画廊_Art_Plunge_v202107012,Art Plunge,Unity,https://spaceplunge.teadrinker.net/legal/privacy.html,1,7,0,6,7,9,NUL
382,虚拟训练Enhance-2.2.1.1Oculus_Quest,Blair Witch: Oculus Quest Edition,Unity,https://blairwitchgame.com/docs/privacy-policy,109,26,3,146,27,0,NUL
383,虚拟赛车_Void_Racer_Extreme_[1.21.121],Void Racer: Extreme,Unity,http://coplanargames.com/voidracer/privacypolicy.html,0,6,10,9,13,0,NUL
384,虚时异境_Dyschronia_v1.0.30.140,DYSCHRONIA: Chronos Alternate,Unity,https://mydearestvr.com/en/privacypolicy/,0,0,0,0,0,0,NUL
385,蜂潮危机汉化中文版_Swarm_[1177],Swarm,Unity,https://www.swarmvrgame.com/privacy-policy,7,4,7,54,11,3,NUL
386,蜘蛛网汉化中文版_flybye_1.2.3,SplashFly,Unity,https://splashfly.com/privacy/,12,2,5,56,15,0,NUL
387,融合_Mixture_v1.0.283.283,Mixture,Unity,https://beyondframes.com/privacy-policy/,0,5,3,69,10,0,NUL
388,行尸走肉1章_The_Walking_Dead_Saints_Sinners_Shipping_2023.03.19_build_316225.31622500,The Walking Dead: Saints & Sinners,Unreal,https://skydance.com/TWDSS-Privacy-Policy/,NUL,NUL,NUL,NUL,NUL,NUL,"817320: No main.obb.png
"
389,行尸走肉2_The_Walking_Dead_2_Shipping_2023.04.17_build_323427.32342700,The Walking Dead: Saints & Sinners,Unreal,https://skydance.com/TWDSS-Privacy-Policy/,NUL,NUL,NUL,NUL,NUL,NUL,"817320: No main.obb.png
"
390,街头篮球汉化中文版VR_Pickup_Basketball_v1.0.944,Pickup Basketball VR,Unreal,https://www.termsfeed.com/live/d12082b6-6446-491d-8f4f-ac68658105db,NUL,NUL,NUL,NUL,NUL,NUL,"817320: No main.obb.png
"
391,被盗宠物之谜_The_Curious_Tale_of_the_Stolen_Pets_v1.08.27,The Curious Tale of the Stolen Pets,Unity,https://fasttravelgames.com/privacy-policy/,64,23,11,138,30,0,NUL
392,视频音乐跳舞汉化版_Dancing_Beat_on_Video_[0.6.4],Dancing Beat on Video,Unity,https://www.naetib.com/privacy-policy,11,2,4,53,14,0,NUL
393,角斗士汉化中文版_GORN_[1.2.1906],GORN,Unreal,https://legal.devolverdigital.com/privacy/meta,NUL,NUL,NUL,NUL,NUL,NUL,"918324: Error
"
394,触手巧匠_Tentacular_v1.1.10.86,Tentacular,Unity,https://legal.devolverdigital.com/privacy,0,9,1,18,8,23,NUL
395,诱饵_Bait!_1.14.192417,Bait!,Unity,https://www.resolutiongames.com/privacy,-1,-1,-1,-1,-1,-1,NUL
396,诺克射箭_Nock_v1.9.0.214,Knockout League,Unity,https://grabgames.com/privacy-policy/,3,55,30,151,95,1,NUL
397,调戏高木同学_Teasing_Master_Takagi-san_v1.1.1.34,Master The Sky,Unity,https://www.znanye.com/vrsolutions/privacy_policy,5,7,10,78,13,0,NUL
398,调酒师模拟_汉化中文版_BartenderVRSymulator_v1.0.18,BARTENDER VR SIMULATOR beta version,Unreal,https://www.bartendervrsimulator.com/privacy,NUL,NUL,NUL,NUL,NUL,NUL,"817320: No main.obb.png
"
399,谷歌绘画汉化版_Tilt_Brush_[23.2-28f36f08b],MultiBrush,Unity,https://www.rendever.com/multibrush/privacy,10,11,8,0,1,5,NUL
400,赛博朋克_Blaston_2.0.192848,Blaston,Unity,https://www.resolutiongames.com/privacy,0,37,129,202,20,18,NUL
401,起风了_WindWind_v1.1.66,Wind Wind,Unity,https://eliot.team/file/opp.html,77,24,9,106,34,10,NUL
402,超热_SUPERHOT_v1.152.152,SUPERHOT VR,Unity,https://superhotgame.com/privacy-policy,9,50,18,79,106,14,NUL
403,超级登顶_To_The_Top_v0.20.20,TO THE TOP,Unity,http://www.tothetopvr.com/privacy-policy,74,30,3,70,73,2,NUL
404,超能战队_Hyper_Dash_v27.3.0.741,Hyper Dash,Unity,https://privacy.hyperdashvr.com/,9,14,6,53,30,0,NUL
405,超飞战士汉化中文版_Superfly_v1.2.3.47,Superfly,Unity,https://superflyvrgame.com/privacy,6,7,1,108,15,0,NUL
406,足球守门员汉化版_Cleansheet_v2023.1.22M.123,CleanSheet,Unity,https://www.incisiv.tech/privacy-policy,12,10,11,105,24,0,NUL
407,跑酷枪战_STRIDE_v2.16.8.496,STRIDE,Unreal,https://stride.joyway.games/privacy-policy,NUL,NUL,NUL,NUL,NUL,NUL,"817320: No main.obb.png
"
408,路径工艺_PathCraft_v1.07.200059,PathCraft,Unity,https://vertigo-games.com/privacy-policy/,3,1,2,71,15,0,NUL
409,轻松钓鱼_Bait!_1.12.63217,Bait!,Unity,https://www.resolutiongames.com/privacy,2,5,1,14,4,5,NUL
410,边缘旅行者_BRINK_Traveler_v1.3.0.272,Travel The Words! - Demo,Unity,ttps://www.oculus.com/experiences/quest/3813874918705422/?utm_source=oculusapplab.com&locale=zh-cn&store=quest&item_id=3813874918705422&r=1,0,10,4,43,6,0,NUL
411,迷你赛车手X人工校对汉化版_Mini_Motor_Racing_X_v1.3.6.126,Mini Motor Racing X,Unity,https://www.thebinarymill.com/privacy.php,2,6,20,62,16,0,NUL
412,迷你高尔夫_Walkabout_Mini_Golf_v4.3.18337,Walkabout Mini Golf,Unity,https://www.mightycoconut.com/privacypolicy,11,25,16,68,16,1,NUL
413,迷幻谜题_Squingle_v2.0.1.57,Squingle,Unity,https://squingle.com/privacy-policy,3,24,5,96,6,3,NUL
414,逃生遗迹汉化中文版_Escape_Legacy_[1.35.37],Escape Legacy,Unreal,https://storming-tech.com/privacy-policy/,NUL,NUL,NUL,NUL,NUL,NUL,"OpenExrWrapper
AppleImageUtilsBlueprintSupport
Synthesis
GeometryCacheSequencer
AlembicImporter
MotoSynth
OculusHMD
AndroidMoviePlayer
OculusAudioEditor
AndroidMediaEditor
CustomMeshComponent
AudioCaptureEditor
GoogleCloudMessaging
LocationServicesBPLibrary
ActorSequenceEditor
GeometryCacheStreamer
AutomationUtils
UdpMessaging
PluginUtils
OculusMR
GeometryCache
WebMMediaFactory
PlatformCrypto
MeshPaintingToolset
AnimationSharing
BspMode
MotoSynthEditor
OnlineSubsystemGooglePlay
OnlineBlueprintSupport
AppleImageUtils
VariantManagerContentEditor
SignificanceManager
PhysXVehicles
AndroidDeviceProfileSelector
EditableMesh
TemplateSequence
AISupportModule
ImgMediaFactory
OculusInput
SynthesisEditor
PropertyAccessEditor
UObjectPlugin
ProceduralMeshComponentEditor
SpeedTreeImporter
MeshConversion
GooglePADEditor
PlatformCryptoOpenSSL
AndroidPermission
AndroidMedia
WebMMediaEditor
VRExpansionPlugin
LevelSequenceEditor
OnlineSubsystemNull
FacialAnimation
CableComponent
AndroidDeviceProfileSelectorRuntime
PhysXVehiclesEditor
GeometricObjects
GeometryMode
LightPropagationVolumeRuntime
ActorLayerUtilities
MediaCompositingEditor
BackChannel
AssetManagerEditor
PlatformCryptoTypes
ScreenshotTools
VariantManagerContent
AudioSynesthesiaCore
GeometryAlgorithms
AudioSynesthesiaEditor
GeometryCacheTracks
EnvironmentQueryEditor
WebMMedia
ActorLayerUtilitiesEditor
AudioSynesthesia
MobilePatchingUtils
GooglePAD
MediaCompositing
LightPropagationVolumeEditor
CharacterAI
AudioCapture
EpicLeaderboard
FacialAnimationEditor
ImgMediaEditor
ExampleDeviceProfileSelector
ExrReaderGpu
GeometryCacheEd
OnlineSubsystemOculus
AutomationUtilsEditor
AssetTags
ProceduralMeshComponent
ChunkDownloader
OculusAudio
PlatformCryptoBCrypt
OculusEditor
DynamicMesh
AlembicLibrary
MeshPaintEditorMode
TextureAlignMode
ActorSequence
ImgMedia
TemplateSequenceEditor
AndroidMediaFactory
SoundFields
MatineeToLevelSequence
OnlineSubsystemUtils
TcpMessaging
AnimationSharingEd
OnlineSubsystem
"
415,逃离地堡_Escape_from_bunker_v2.0.1.42,Escape from bunker,Unreal,https://www.termsfeed.com/live/98670e2b-dafa-4300-80a8-cf60452e4ab3,NUL,NUL,NUL,NUL,NUL,NUL,"817320: No main.obb.png
"
416,逃离地牢_Escape_From_Dungeon_v1.1.5.4,Escape From Dungeon,Unity,https://www.dxvr321.com/dungeonEscape/PrivacyPolicyofDingxiangCyberLLC.pdf,9,21,21,12,12,0,NUL
417,通路_Tsuro_The_Game_of_The_Path_[1.14.0.53],Tsuro - The Game of The Path,Unity,http://thunderboxentertainment.com/privacy/,4,3,21,26,20,1,NUL
418,造路游戏VR_Tsuro_The_Game_of_The_Path_v1.14.0.53,Tsuro - The Game of The Path,Unity,http://thunderboxentertainment.com/privacy/,4,3,21,26,20,1,NUL
419,酒吧打架汉化中文版_Drunkn_Bar_Fight_[11.00.2793],Drunkn Bar Fight,Unity,https://www.themunky.com/privacy-policy,14,28,6,106,125,14,NUL
420,里奇的木板汉化中文版_Richies_Plank_Experience_[1.9.7.223],Richie's Plank Experience,Unity,https://toast.games/privacypolicy,16,2,8,60,26,1,NUL
421,重力实验汉化版_Gravity_Lab_v1.178,Gravity Lab,Unity,https://gravitationaltestingfacilityandobservations.com/privacy.html,20,8,6,65,21,0,NUL
422,重力素描_Gravity_Sketch_5.6.0-qc,Gravity Sandbox,Unity,https://github.com/jared711/GravThrow/blob/main/privacy.md,-1,-1,-1,-1,-1,-1,NUL
423,重力素描_Gravity_Sketch_[5.1.2-qc.2174],Gravity Sandbox,Unity,https://github.com/jared711/GravThrow/blob/main/privacy.md,-1,-1,-1,-1,-1,-1,NUL
424,重力素描_Gravity_Sketch_v5.5.76.6063,Gravity Sandbox,Unity,https://github.com/jared711/GravThrow/blob/main/privacy.md,-1,-1,-1,-1,-1,-1,NUL
425,钢铁卫士_IRON_GUARD_v1.713.406,IRON GUARD,Unity,https://xlabdigital.com/privacy-policy/,11,4,0,21,3,0,NUL
426,银河捕获_Galactic_Catch_v1.27.230614,Galactic Catch,Unity,https://www.baobabstudios.com/baobab-privacy-policy,8,0,8,50,16,5,NUL
427,阿尔卑斯山滑雪_DescentAlps_v0.5.3.44,Descent Alps - Demo,Unity,https://www.sutur.io/privacypolicy,63,7,10,20,5,0,NUL
428,阿尔沃_Alvo_v0.35.35,Alvo,Unity,https://alvogame.com/privacy-policy/,14,41,32,181,55,1,NUL
429,阿尔特斯_超越时空_ALTDEUS_v1.1.538,ALTDEUS: Beyond Chronos,Unity,yDearest Inc.,0,0,0,0,0,0,NUL
430,隔离墙辐岛_Fading_Light_2.03.203,"ÄÂÅÄÂÂÄÂÅÄÂÅVRÄÅºÂCOMINAVI VRÄÅº?""The World's First Manga Platform for Enjoying Japanese Manga Comics in VR Features. The position and size of the manga can be changed freely. You can switch between various backgrounds in the reading space. You can add new manga in the VR space. You can add new comics in the VR space - Can be used offline (need to download comics in advance) Cominavi account is required. For details",Unity,https://mechacomi.jp/privacy-policy,0,0,0,0,0,0,NUL
431,零口径汉化中文版_Zero_Caliber_Reloaded_[1.7.1592],Zero Caliber: Reloaded,Unreal,https://www.xrealgames.com/pp/,NUL,NUL,NUL,NUL,NUL,NUL,"817320: No main.obb.png
"
432,雷亚_Demeo_v1.30.214861,Demeo,Unity,https://www.resolutiongames.com/privacy,10,9,31,408,18,10,NUL
433,雷兹尔球员_Rezzil_Player_[1.1.722.1013],Channel Player,Unity,https://appletllc.wordpress.com/2019/03/11/privacy-policy/,1,8,2,43,4,1,NUL
434,霓虹灯冲刺_Neon_Sprint_[1.0.4.17],Neon Sprint,Unity,http://chesstar.com/?privacy_10%2F,116,32,8,154,25,1,NUL
435,面具师_Maskmaker_[1.039.40],Maskmaker,Unreal,https://vertigo-games.com/privacy-policy/,NUL,NUL,NUL,NUL,NUL,NUL,"817320: No main.obb.png
"
436,靶子上的VR飞镖_On_Target_Darts_v1.4.17.452,On Target VR Darts,Unity,https://colugoproductions.com/index.php/otvrd/otvrd-privacy-policy/,11,1,16,86,21,0,NUL
437,韩国僵尸防御_Chosun_Zombie_Defense_v0.4.2.30,Chosun Zombie Defense,Unity,https://geniesoft.io/pages/privacy/privacy.php,10,13,4,183,26,13,NUL
438,音乐冲击波_Beat_Blaster_v1.91.19,Beat Blaster,Unity,https://www.ivanovichgames.com/privacy.html,17,0,1,41,15,1,NUL
439,音频之旅_Audio_Trip_[1.0.4190.434],Audio Trip,Unity,http://www.kinemotik.com/audiotrip/at-eula/,1,11,1,107,20,15,NUL
440,项目终止汉化中文版_Project_TERMINUS_[2.0.7.561],Project TERMINUS VR,Unity,https://casual-vr.com/privacy-policy,2,18,3,9,3,0,NUL
441,飞行堡垒_1976_Back_to_Midway_v1.2.12,2076 Midway Multiverse,Unity,https://www.ivanovichgames.com/privacy.html,4,0,12,17,12,2,NUL
442,骨骼实验室汉化中文版_BONELAB_v1.1975.32434,BONELAB,Unity,https://www.stresslevelzero.com/privacy/,101,89,3,347,151,29,NUL
443,高中解剖汉化中文版_High_School_Anatomy_1.0.0,High School Anatomy for Quest,Unity,https://www.medicinevirtual.com/data/Licence_VM.pdf,0,8,4,11,17,0,NUL
444,高压清洗机_Pressure_Washer_v1.0.0.19.37,Pressure Washer,Unity,http://meetingres.meta.fangte.com/wash.html,0,0,0,0,0,0,NUL
445,高尔夫_5_golf_5_eclub_v3.451.451,Golf 5,Unity,https://golf5eclub.com/privacy-policy/,14,9,17,25,10,22,NUL
446,高级保龄球Premium_Bowling_[1.18.10.96],Premium Bowling,Unity,https://www.premiumbowling.com/privacypolicy.php,18,6,9,127,13,6,NUL
447,鬼影实录_失魂汉化版_Paranormal_Activity_The_Lost_Soul_v1.2.28,Paranormal Activity: The Lost Soul,Unreal,https://www.pavrgame.com/terms-of-use,NUL,NUL,NUL,NUL,NUL,NUL,"817320: No main.obb.png
"
448,魔杖_Wands_v1.8.1.860,Wands,Unity,https://www.wandsgame.com/eula/,0,9,3,22,4,5,NUL
449,魔杖联盟_Wands_Alliances_v1.1.6.295.100295,Wands Alliances,Unity,https://wandsalliances.com/privacy-policy/,1,10,5,44,6,0,NUL
450,魔法拼图_Magic_Puzzle_Dragon_Sword_v1.1.2.112,Magic Puzzle: Dragon & Sword,Unity,https://www.leafboatstudio.com/privacy-policy,0,0,0,8,0,0,NUL
451,黑城丧尸_Zombies_Noir_1.0.1930,Zombies Noir: Mixed Reality,Unity,https://synodicarc.com/privacy-policy/,4,4,0,66,20,0,NUL
452,黑暗之剑_Darksword-_Battle_Eternity_v1.2.0.0.21,Darksword: Battle Eternity,Unreal,https://com2usroca.com/policy/privacy-policy/,NUL,NUL,NUL,NUL,NUL,NUL,"817320: No main.obb.png
"
453,龙拳_功夫_Dragon_Fist_Kung_Fu_v1.0.6.50,Dragon Fist: VR Kung Fu,Unity,https://www.clique.games/privacy-policy,19,13,5,94,38,0,NUL
